[INFO] [launch]: All log files can be found below /home/su/.ros/log/2026-07-01-17-44-14-362061-mee-316774
[INFO] [launch]: Default logging verbosity is set to INFO
[INFO] [real_action_bridge-4]: process started with pid [316782]
[INFO] [plan_compute_node-1]: process started with pid [316776]
[INFO] [plan_node-2]: process started with pid [316778]
[INFO] [gripper_node-3]: process started with pid [316780]
[gripper_node-3] [INFO] [1782895454.703973399] [gripper_node]: gripper_node ready: q_open=0.000 q_closed_min=0.900 delta=0.050 kp=2.5
[plan_node-2] [INFO] [1782895454.822960891] [plan_node]: plan_node (ctrl) initialized: hz=250.0 motors=[1, 2, 3, 4, 5, 6] warp_lo=0.120 warp_hi=0.400 rad diag_csv=/home/su/idle_ws/logs/ppo_20260701_174413_plan.csv
[real_action_bridge-4] /home/su/.local/lib/python3.10/site-packages/matplotlib/projections/__init__.py:63: UserWarning: Unable to import Axes3D. This may be due to multiple versions of Matplotlib being installed (e.g. as a system package and as a pip package). As a result, the 3D projection is not available.
[real_action_bridge-4]   warnings.warn("Unable to import Axes3D. This may be due to multiple versions of "
[plan_compute_node-1] [INFO] [1782895457.624602750] [plan_compute_node]: plan_compute_node initialized: target_frame=gripper v_max=1.0 a_max=1.0 motors=[1, 2, 3, 4, 5, 6] home_q=[0.0, 0.0, 0.0, 0.0, 0.0, 0.0]
[real_action_bridge-4] [0m[INFO] [1782895458.210909538] [ppo_action_bridge]: SlotEmbedder loaded: stage1=/home/su/idle_ws/checkpoints/stage1_v2/best.pt slot_diff=/home/su/idle_ws/checkpoints/slot_diff/best.pt color_net=/home/su/idle_ws/checkpoints/color_net_v2/best.pt[0m
[real_action_bridge-4] 
[real_action_bridge-4] A module that was compiled using NumPy 1.x cannot be run in
[real_action_bridge-4] NumPy 2.2.6 as it may crash. To support both 1.x and 2.x
[real_action_bridge-4] versions of NumPy, modules must be compiled with NumPy 2.0.
[real_action_bridge-4] Some module may need to rebuild instead e.g. with 'pybind11>=2.12'.
[real_action_bridge-4] 
[real_action_bridge-4] If you are a user of the module, the easiest solution will be to
[real_action_bridge-4] downgrade to 'numpy<2' or try to upgrade the affected module.
[real_action_bridge-4] We expect that some modules will need time to support NumPy 2.
[real_action_bridge-4] 
[real_action_bridge-4] Traceback (most recent call last):  File "/home/su/idle_ws/install/mujoco_phase_rl/lib/mujoco_phase_rl/real_action_bridge", line 33, in <module>
[real_action_bridge-4]     sys.exit(load_entry_point('mujoco-phase-rl==0.0.0', 'console_scripts', 'real_action_bridge')())
[real_action_bridge-4]   File "/home/su/idle_ws/install/mujoco_phase_rl/lib/python3.10/site-packages/mujoco_phase_rl/bridges/real_action_bridge.py", line 1267, in main
[real_action_bridge-4]     bridge = RealActionBridgeNode(rclpy, config)
[real_action_bridge-4]   File "/home/su/idle_ws/install/mujoco_phase_rl/lib/python3.10/site-packages/mujoco_phase_rl/bridges/real_action_bridge.py", line 114, in __init__
[real_action_bridge-4]     super().__init__(rclpy_module, config.diagnostics)
[real_action_bridge-4]   File "/home/su/idle_ws/install/mujoco_phase_rl/lib/python3.10/site-packages/mujoco_phase_rl/bridges/real_phase_diagnostics.py", line 268, in __init__
[real_action_bridge-4]     self.cv_bridge = _make_cv_bridge(self.logger)
[real_action_bridge-4]   File "/home/su/idle_ws/install/mujoco_phase_rl/lib/python3.10/site-packages/mujoco_phase_rl/bridges/real_phase_diagnostics.py", line 1683, in _make_cv_bridge
[real_action_bridge-4]     from cv_bridge import CvBridge
[real_action_bridge-4]   File "/opt/ros/humble/local/lib/python3.10/dist-packages/cv_bridge/__init__.py", line 6, in <module>
[real_action_bridge-4]     from cv_bridge.boost.cv_bridge_boost import cvtColorForDisplay, getCvType
[real_action_bridge-4] AttributeError: _ARRAY_API not found
[real_action_bridge-4] [0m[INFO] [1782895458.550949861] [ppo_action_bridge]: MLPipeline loaded for STT grounding (stage4=/home/su/idle_ws/checkpoints/stage4/best.pt)[0m
[real_action_bridge-4] [0m[INFO] [1782895458.558392178] [ppo_action_bridge]: real_phase_diagnostics ready: image=/image_raw boxes=/idle_vision/box_poses motor=/motor_state_array gripper=/gripper/state policy=/home/su/idle_ws/src/mujoco_phase_rl/outputs/ppo_recovery_fixed_s0/checkpoints/ppo_recovery_fixed_s0_98304_steps.zip vision=disabled sim_command=disabled[0m
[gripper_node-3] [INFO] [1782895458.619516030] [gripper_node]: gripper: open commanded
[real_action_bridge-4] 
[real_action_bridge-4] [REAL ACTION ARMED] phase=OBSERVE_OBJECT conf=0.35 ok=0
[real_action_bridge-4]   reason no target object pose
[real_action_bridge-4]   state  obj=missing src=missing/none ee=(+0.007,+0.333,+0.159) target=(+0.000,+0.620,+0.009) mode=basket target_label=basket target_src=configured
[real_action_bridge-4]   flags  home=1 grasp=0 in_target=0 drop=0 attempts=0 phase_override=- return_home=0 placed=0
[real_action_bridge-4]   policy skip(missing object pose)
[real_action_bridge-4]   target -
[real_action_bridge-4]   exec   hold: missing object pose stage=IDLE plan=none fail=-
[real_action_bridge-4]   age    img=none box=none mot=0.00s grip=0.00s plan=none
[real_action_bridge-4] 
[real_action_bridge-4] [REAL ACTION ARMED] phase=OBSERVE_OBJECT conf=0.35 ok=0
[real_action_bridge-4]   reason no target object pose
[real_action_bridge-4]   state  obj=missing src=missing/none ee=(+0.007,+0.333,+0.159) target=(+0.000,+0.620,+0.009) mode=basket target_label=basket target_src=configured
[real_action_bridge-4]   flags  home=1 grasp=0 in_target=0 drop=0 attempts=0 phase_override=- return_home=0 placed=0
[real_action_bridge-4]   policy skip(missing object pose)
[real_action_bridge-4]   target -
[real_action_bridge-4]   exec   hold: missing object pose stage=IDLE plan=none fail=-
[real_action_bridge-4]   age    img=none box=none mot=0.00s grip=0.00s plan=none
[real_action_bridge-4] 
[real_action_bridge-4] [REAL ACTION ARMED] phase=OBSERVE_OBJECT conf=0.35 ok=0
[real_action_bridge-4]   reason no target object pose
[real_action_bridge-4]   state  obj=missing src=missing/none ee=(+0.007,+0.333,+0.159) target=(+0.000,+0.620,+0.009) mode=basket target_label=basket target_src=configured
[real_action_bridge-4]   flags  home=1 grasp=0 in_target=0 drop=0 attempts=0 phase_override=- return_home=0 placed=0
[real_action_bridge-4]   policy skip(missing object pose)
[real_action_bridge-4]   target -
[real_action_bridge-4]   exec   hold: missing object pose stage=IDLE plan=none fail=-
[real_action_bridge-4]   age    img=none box=none mot=0.00s grip=0.00s plan=none
[real_action_bridge-4] 
[real_action_bridge-4] [REAL ACTION ARMED] phase=OBSERVE_OBJECT conf=0.35 ok=0
[real_action_bridge-4]   reason no target object pose
[real_action_bridge-4]   state  obj=missing src=missing/none ee=(+0.007,+0.333,+0.159) target=(+0.000,+0.620,+0.009) mode=basket target_label=basket target_src=configured
[real_action_bridge-4]   flags  home=1 grasp=0 in_target=0 drop=0 attempts=0 phase_override=- return_home=0 placed=0
[real_action_bridge-4]   policy skip(missing object pose)
[real_action_bridge-4]   target -
[real_action_bridge-4]   exec   hold: missing object pose stage=IDLE plan=none fail=-
[real_action_bridge-4]   age    img=none box=none mot=0.00s grip=0.00s plan=none
[real_action_bridge-4] [0m[INFO] [1782895460.688767317] [ppo_action_bridge]: camera opened: device=4 actual=1280x720[0m
[real_action_bridge-4] [0m[INFO] [1782895460.689116868] [ppo_action_bridge]: camera thread started: device=4[0m
[real_action_bridge-4] 
[real_action_bridge-4] [REAL ACTION ARMED] phase=OBSERVE_OBJECT conf=0.35 ok=0
[real_action_bridge-4]   reason no target object pose
[real_action_bridge-4]   state  obj=missing src=missing/none ee=(+0.007,+0.333,+0.159) target=(+0.000,+0.620,+0.009) mode=basket target_label=basket target_src=configured
[real_action_bridge-4]   flags  home=1 grasp=0 in_target=0 drop=0 attempts=0 phase_override=- return_home=0 placed=0
[real_action_bridge-4]   policy skip(missing object pose)
[real_action_bridge-4]   target -
[real_action_bridge-4]   exec   hold: missing object pose stage=IDLE plan=none fail=-
[real_action_bridge-4]   age    img=0.34s box=none mot=0.00s grip=0.00s plan=none
[real_action_bridge-4] [0m[INFO] [1782895461.531738940] [ppo_action_bridge]: WhisperModel loaded: size=small[0m
[real_action_bridge-4] 
[real_action_bridge-4] [STT] 대기 중... 스페이스바=녹음 시작  q=종료
[real_action_bridge-4] 
[real_action_bridge-4] [REAL ACTION ARMED] phase=OBSERVE_OBJECT conf=0.35 ok=0
[real_action_bridge-4]   reason no target object pose
[real_action_bridge-4]   state  obj=missing src=missing/none ee=(+0.007,+0.333,+0.159) target=(-0.097,+0.771,+0.009) mode=basket target_label=basket target_src=vision
[real_action_bridge-4]   flags  home=1 grasp=0 in_target=0 drop=0 attempts=0 phase_override=- return_home=0 placed=0
[real_action_bridge-4]   policy skip(missing object pose)
[real_action_bridge-4]   target -
[real_action_bridge-4]   exec   hold: missing object pose stage=IDLE plan=none fail=-
[real_action_bridge-4]   age    img=0.02s box=0.12s mot=0.00s grip=0.00s plan=none
[real_action_bridge-4] 
[real_action_bridge-4] [REAL ACTION ARMED] phase=OBSERVE_OBJECT conf=0.35 ok=0
[real_action_bridge-4]   reason no target object pose
[real_action_bridge-4]   state  obj=missing src=missing/none ee=(+0.007,+0.333,+0.159) target=(-0.098,+0.773,+0.009) mode=basket target_label=basket target_src=vision
[real_action_bridge-4]   flags  home=1 grasp=0 in_target=0 drop=0 attempts=0 phase_override=- return_home=0 placed=0
[real_action_bridge-4]   policy skip(missing object pose)
[real_action_bridge-4]   target -
[real_action_bridge-4]   exec   hold: missing object pose stage=IDLE plan=none fail=-
[real_action_bridge-4]   age    img=0.02s box=0.06s mot=0.00s grip=0.00s plan=none
[real_action_bridge-4] 
[real_action_bridge-4] [REAL ACTION ARMED] phase=OBSERVE_OBJECT conf=0.35 ok=0
[real_action_bridge-4]   reason no target object pose
[real_action_bridge-4]   state  obj=missing src=missing/none ee=(+0.007,+0.333,+0.159) target=(-0.098,+0.772,+0.009) mode=basket target_label=basket target_src=vision
[real_action_bridge-4]   flags  home=1 grasp=0 in_target=0 drop=0 attempts=0 phase_override=- return_home=0 placed=0
[real_action_bridge-4]   policy skip(missing object pose)
[real_action_bridge-4]   target -
[real_action_bridge-4]   exec   hold: missing object pose stage=IDLE plan=none fail=-
[real_action_bridge-4]   age    img=0.14s box=0.17s mot=0.01s grip=0.01s plan=none
[real_action_bridge-4] 
[real_action_bridge-4] [REAL ACTION ARMED] phase=OBSERVE_OBJECT conf=0.35 ok=0
[real_action_bridge-4]   reason no target object pose
[real_action_bridge-4]   state  obj=missing src=missing/none ee=(+0.007,+0.333,+0.159) target=(-0.098,+0.772,+0.009) mode=basket target_label=basket target_src=vision
[real_action_bridge-4]   flags  home=1 grasp=0 in_target=0 drop=0 attempts=0 phase_override=- return_home=0 placed=0
[real_action_bridge-4]   policy skip(missing object pose)
[real_action_bridge-4]   target -
[real_action_bridge-4]   exec   hold: missing object pose stage=IDLE plan=none fail=-
[real_action_bridge-4]   age    img=0.63s box=0.67s mot=0.01s grip=0.01s plan=none
[real_action_bridge-4] 
[real_action_bridge-4] [REAL ACTION ARMED] phase=OBSERVE_OBJECT conf=0.35 ok=0
[real_action_bridge-4]   reason no target object pose
[real_action_bridge-4]   state  obj=missing src=missing/none ee=(+0.007,+0.333,+0.159) target=(-0.098,+0.772,+0.009) mode=basket target_label=basket target_src=vision
[real_action_bridge-4]   flags  home=1 grasp=0 in_target=0 drop=0 attempts=0 phase_override=- return_home=0 placed=0
[real_action_bridge-4]   policy skip(missing object pose)
[real_action_bridge-4]   target -
[real_action_bridge-4]   exec   hold: missing object pose stage=IDLE plan=none fail=-
[real_action_bridge-4]   age    img=1.13s box=1.17s mot=0.01s grip=0.01s plan=none
[real_action_bridge-4] 
[real_action_bridge-4] [REAL ACTION ARMED] phase=OBSERVE_OBJECT conf=0.35 ok=0
[real_action_bridge-4]   reason no target object pose
[real_action_bridge-4]   state  obj=missing src=missing/none ee=(+0.007,+0.333,+0.159) target=(-0.098,+0.772,+0.009) mode=basket target_label=basket target_src=vision
[real_action_bridge-4]   flags  home=1 grasp=0 in_target=0 drop=0 attempts=0 phase_override=- return_home=0 placed=0
[real_action_bridge-4]   policy skip(missing object pose)
[real_action_bridge-4]   target -
[real_action_bridge-4]   exec   hold: missing object pose stage=IDLE plan=none fail=-
[real_action_bridge-4]   age    img=1.63s box=1.67s mot=0.01s grip=0.01s plan=none
[real_action_bridge-4] 
[real_action_bridge-4] [REAL ACTION ARMED] phase=OBSERVE_OBJECT conf=0.35 ok=0
[real_action_bridge-4]   reason no target object pose
[real_action_bridge-4]   state  obj=missing src=missing/none ee=(+0.007,+0.333,+0.159) target=(-0.098,+0.773,+0.009) mode=basket target_label=basket target_src=vision
[real_action_bridge-4]   flags  home=1 grasp=0 in_target=0 drop=0 attempts=0 phase_override=- return_home=0 placed=0
[real_action_bridge-4]   policy skip(missing object pose)
[real_action_bridge-4]   target -
[real_action_bridge-4]   exec   hold: missing object pose stage=IDLE plan=none fail=-
[real_action_bridge-4]   age    img=0.13s box=2.14s mot=0.01s grip=0.01s plan=none
[real_action_bridge-4] 
[real_action_bridge-4] [REAL ACTION ARMED] phase=OBSERVE_OBJECT conf=0.35 ok=0
[real_action_bridge-4]   reason no target object pose
[real_action_bridge-4]   state  obj=missing src=missing/none ee=(+0.007,+0.333,+0.159) target=(-0.098,+0.773,+0.009) mode=basket target_label=basket target_src=vision
[real_action_bridge-4]   flags  home=1 grasp=0 in_target=0 drop=0 attempts=0 phase_override=- return_home=0 placed=0
[real_action_bridge-4]   policy skip(missing object pose)
[real_action_bridge-4]   target -
[real_action_bridge-4]   exec   hold: missing object pose stage=IDLE plan=none fail=-
[real_action_bridge-4]   age    img=0.63s box=2.64s mot=0.01s grip=0.01s plan=none
[real_action_bridge-4] 
[real_action_bridge-4] [REAL ACTION ARMED] phase=OBSERVE_OBJECT conf=0.35 ok=0
[real_action_bridge-4]   reason no target object pose
[real_action_bridge-4]   state  obj=missing src=missing/none ee=(+0.007,+0.333,+0.159) target=(-0.098,+0.773,+0.009) mode=basket target_label=basket target_src=vision
[real_action_bridge-4]   flags  home=1 grasp=0 in_target=0 drop=0 attempts=0 phase_override=- return_home=0 placed=0
[real_action_bridge-4]   policy skip(missing object pose)
[real_action_bridge-4]   target -
[real_action_bridge-4]   exec   hold: missing object pose stage=IDLE plan=none fail=-
[real_action_bridge-4]   age    img=1.13s box=3.13s mot=0.01s grip=0.01s plan=none
[real_action_bridge-4] 
[real_action_bridge-4] [REAL ACTION ARMED] phase=OBSERVE_OBJECT conf=0.35 ok=0
[real_action_bridge-4]   reason no target object pose
[real_action_bridge-4]   state  obj=missing src=missing/none ee=(+0.007,+0.333,+0.159) target=(-0.098,+0.773,+0.009) mode=basket target_label=basket target_src=vision
[real_action_bridge-4]   flags  home=1 grasp=0 in_target=0 drop=0 attempts=0 phase_override=- return_home=0 placed=0
[real_action_bridge-4]   policy skip(missing object pose)
[real_action_bridge-4]   target -
[real_action_bridge-4]   exec   hold: missing object pose stage=IDLE plan=none fail=-
[real_action_bridge-4]   age    img=1.63s box=3.63s mot=0.01s grip=0.01s plan=none
[real_action_bridge-4] 
[real_action_bridge-4] [REAL ACTION ARMED] phase=OBSERVE_OBJECT conf=0.35 ok=0
[real_action_bridge-4]   reason no target object pose
[real_action_bridge-4]   state  obj=missing src=missing/none ee=(+0.007,+0.333,+0.159) target=(-0.098,+0.773,+0.009) mode=basket target_label=basket target_src=vision
[real_action_bridge-4]   flags  home=1 grasp=0 in_target=0 drop=0 attempts=0 phase_override=- return_home=0 placed=0
[real_action_bridge-4]   policy skip(missing object pose)
[real_action_bridge-4]   target -
[real_action_bridge-4]   exec   hold: missing object pose stage=IDLE plan=none fail=-
[real_action_bridge-4]   age    img=2.13s box=4.13s mot=0.01s grip=0.01s plan=none
[real_action_bridge-4] 
[real_action_bridge-4] [REAL ACTION ARMED] phase=OBSERVE_OBJECT conf=0.35 ok=0
[real_action_bridge-4]   reason no target object pose
[real_action_bridge-4]   state  obj=missing src=missing/none ee=(+0.007,+0.333,+0.159) target=(-0.098,+0.773,+0.009) mode=basket target_label=basket target_src=vision
[real_action_bridge-4]   flags  home=1 grasp=0 in_target=0 drop=0 attempts=0 phase_override=- return_home=0 placed=0
[real_action_bridge-4]   policy skip(missing object pose)
[real_action_bridge-4]   target -
[real_action_bridge-4]   exec   hold: missing object pose stage=IDLE plan=none fail=-
[real_action_bridge-4]   age    img=2.63s box=4.63s mot=0.01s grip=0.01s plan=none
[real_action_bridge-4] 
[real_action_bridge-4] [STT] 녹음 중... 스페이스바=종료  q=취소
[real_action_bridge-4] 
[real_action_bridge-4] [REAL ACTION ARMED] phase=OBSERVE_OBJECT conf=0.35 ok=0
[real_action_bridge-4]   reason no target object pose
[real_action_bridge-4]   state  obj=missing src=missing/none ee=(+0.007,+0.333,+0.159) target=(-0.098,+0.773,+0.009) mode=basket target_label=basket target_src=vision
[real_action_bridge-4]   flags  home=1 grasp=0 in_target=0 drop=0 attempts=0 phase_override=- return_home=0 placed=0
[real_action_bridge-4]   policy skip(missing object pose)
[real_action_bridge-4]   target -
[real_action_bridge-4]   exec   hold: missing object pose stage=IDLE plan=none fail=-
[real_action_bridge-4]   age    img=0.31s box=3.12s mot=0.00s grip=0.00s plan=none
[real_action_bridge-4] 
[real_action_bridge-4] [REAL ACTION ARMED] phase=OBSERVE_OBJECT conf=0.35 ok=0
[real_action_bridge-4]   reason no target object pose
[real_action_bridge-4]   state  obj=missing src=missing/none ee=(+0.007,+0.333,+0.159) target=(-0.099,+0.773,+0.009) mode=basket target_label=basket target_src=vision
[real_action_bridge-4]   flags  home=1 grasp=0 in_target=0 drop=0 attempts=0 phase_override=- return_home=0 placed=0
[real_action_bridge-4]   policy skip(missing object pose)
[real_action_bridge-4]   target -
[real_action_bridge-4]   exec   hold: missing object pose stage=IDLE plan=none fail=-
[real_action_bridge-4]   age    img=0.02s box=0.04s mot=0.00s grip=0.00s plan=none
[real_action_bridge-4] 
[real_action_bridge-4] [REAL ACTION ARMED] phase=OBSERVE_OBJECT conf=0.35 ok=0
[real_action_bridge-4]   reason no target object pose
[real_action_bridge-4]   state  obj=missing src=missing/none ee=(+0.007,+0.333,+0.159) target=(-0.099,+0.773,+0.009) mode=basket target_label=basket target_src=vision
[real_action_bridge-4]   flags  home=1 grasp=0 in_target=0 drop=0 attempts=0 phase_override=- return_home=0 placed=0
[real_action_bridge-4]   policy skip(missing object pose)
[real_action_bridge-4]   target -
[real_action_bridge-4]   exec   hold: missing object pose stage=IDLE plan=none fail=-
[real_action_bridge-4]   age    img=0.01s box=0.04s mot=0.00s grip=0.00s plan=none
[real_action_bridge-4] 
[real_action_bridge-4] [REAL ACTION ARMED] phase=OBSERVE_OBJECT conf=0.35 ok=0
[real_action_bridge-4]   reason no target object pose
[real_action_bridge-4]   state  obj=missing src=missing/none ee=(+0.007,+0.333,+0.159) target=(-0.098,+0.771,+0.009) mode=basket target_label=basket target_src=vision
[real_action_bridge-4]   flags  home=1 grasp=0 in_target=0 drop=0 attempts=0 phase_override=- return_home=0 placed=0
[real_action_bridge-4]   policy skip(missing object pose)
[real_action_bridge-4]   target -
[real_action_bridge-4]   exec   hold: missing object pose stage=IDLE plan=none fail=-
[real_action_bridge-4]   age    img=0.01s box=0.05s mot=0.00s grip=0.00s plan=none
[real_action_bridge-4] 
[real_action_bridge-4] [REAL ACTION ARMED] phase=OBSERVE_OBJECT conf=0.35 ok=0
[real_action_bridge-4]   reason no target object pose
[real_action_bridge-4]   state  obj=missing src=missing/none ee=(+0.007,+0.333,+0.159) target=(-0.097,+0.773,+0.009) mode=basket target_label=basket target_src=vision
[real_action_bridge-4]   flags  home=1 grasp=0 in_target=0 drop=0 attempts=0 phase_override=- return_home=0 placed=0
[real_action_bridge-4]   policy skip(missing object pose)
[real_action_bridge-4]   target -
[real_action_bridge-4]   exec   hold: missing object pose stage=IDLE plan=none fail=-
[real_action_bridge-4]   age    img=0.02s box=0.05s mot=0.00s grip=0.00s plan=none
[real_action_bridge-4] 
[real_action_bridge-4] [REAL ACTION ARMED] phase=OBSERVE_OBJECT conf=0.35 ok=0
[real_action_bridge-4]   reason no target object pose
[real_action_bridge-4]   state  obj=missing src=missing/none ee=(+0.007,+0.333,+0.159) target=(-0.098,+0.773,+0.009) mode=basket target_label=basket target_src=vision
[real_action_bridge-4]   flags  home=1 grasp=0 in_target=0 drop=0 attempts=0 phase_override=- return_home=0 placed=0
[real_action_bridge-4]   policy skip(missing object pose)
[real_action_bridge-4]   target -
[real_action_bridge-4]   exec   hold: missing object pose stage=IDLE plan=none fail=-
[real_action_bridge-4]   age    img=0.03s box=0.03s mot=0.00s grip=0.00s plan=none
[real_action_bridge-4] 
[real_action_bridge-4] [REAL ACTION ARMED] phase=OBSERVE_OBJECT conf=0.35 ok=0
[real_action_bridge-4]   reason no target object pose
[real_action_bridge-4]   state  obj=missing src=missing/none ee=(+0.007,+0.333,+0.159) target=(-0.098,+0.773,+0.009) mode=basket target_label=basket target_src=vision
[real_action_bridge-4]   flags  home=1 grasp=0 in_target=0 drop=0 attempts=0 phase_override=- return_home=0 placed=0
[real_action_bridge-4]   policy skip(missing object pose)
[real_action_bridge-4]   target -
[real_action_bridge-4]   exec   hold: missing object pose stage=IDLE plan=none fail=-
[real_action_bridge-4]   age    img=0.03s box=0.03s mot=0.00s grip=0.00s plan=none
[real_action_bridge-4] [STT] 녹음 완료 (2.7초), 음성 인식 중...
[real_action_bridge-4] 
[real_action_bridge-4] [REAL ACTION ARMED] phase=OBSERVE_OBJECT conf=0.35 ok=0
[real_action_bridge-4]   reason no target object pose
[real_action_bridge-4]   state  obj=missing src=missing/none ee=(+0.007,+0.333,+0.159) target=(-0.097,+0.773,+0.009) mode=basket target_label=basket target_src=vision
[real_action_bridge-4]   flags  home=1 grasp=0 in_target=0 drop=0 attempts=0 phase_override=- return_home=0 placed=0
[real_action_bridge-4]   policy skip(missing object pose)
[real_action_bridge-4]   target -
[real_action_bridge-4]   exec   hold: missing object pose stage=IDLE plan=none fail=-
[real_action_bridge-4]   age    img=0.19s box=0.23s mot=0.16s grip=0.17s plan=none
[real_action_bridge-4] 
[real_action_bridge-4] [REAL ACTION ARMED] phase=OBSERVE_OBJECT conf=0.35 ok=0
[real_action_bridge-4]   reason no target object pose
[real_action_bridge-4]   state  obj=missing src=missing/none ee=(+0.007,+0.333,+0.159) target=(-0.098,+0.772,+0.009) mode=basket target_label=basket target_src=vision
[real_action_bridge-4]   flags  home=1 grasp=0 in_target=0 drop=0 attempts=0 phase_override=- return_home=0 placed=0
[real_action_bridge-4]   policy skip(missing object pose)
[real_action_bridge-4]   target -
[real_action_bridge-4]   exec   hold: missing object pose stage=IDLE plan=none fail=-
[real_action_bridge-4]   age    img=0.04s box=0.09s mot=0.00s grip=0.00s plan=none
[real_action_bridge-4] 
[real_action_bridge-4] [REAL ACTION ARMED] phase=OBSERVE_OBJECT conf=0.35 ok=0
[real_action_bridge-4]   reason no target object pose
[real_action_bridge-4]   state  obj=missing src=missing/none ee=(+0.007,+0.333,+0.159) target=(-0.097,+0.772,+0.009) mode=basket target_label=basket target_src=vision
[real_action_bridge-4]   flags  home=1 grasp=0 in_target=0 drop=0 attempts=0 phase_override=- return_home=0 placed=0
[real_action_bridge-4]   policy skip(missing object pose)
[real_action_bridge-4]   target -
[real_action_bridge-4]   exec   hold: missing object pose stage=IDLE plan=none fail=-
[real_action_bridge-4]   age    img=0.01s box=0.06s mot=0.00s grip=0.00s plan=none
[real_action_bridge-4] 
[real_action_bridge-4] [REAL ACTION ARMED] phase=OBSERVE_OBJECT conf=0.35 ok=0
[real_action_bridge-4]   reason no target object pose
[real_action_bridge-4]   state  obj=missing src=missing/none ee=(+0.007,+0.333,+0.159) target=(-0.097,+0.772,+0.009) mode=basket target_label=basket target_src=vision
[real_action_bridge-4]   flags  home=1 grasp=0 in_target=0 drop=0 attempts=0 phase_override=- return_home=0 placed=0
[real_action_bridge-4]   policy skip(missing object pose)
[real_action_bridge-4]   target -
[real_action_bridge-4]   exec   hold: missing object pose stage=IDLE plan=none fail=-
[real_action_bridge-4]   age    img=0.02s box=0.08s mot=0.00s grip=0.00s plan=none
[real_action_bridge-4] 
[real_action_bridge-4] [REAL ACTION ARMED] phase=OBSERVE_OBJECT conf=0.35 ok=0
[real_action_bridge-4]   reason no target object pose
[real_action_bridge-4]   state  obj=missing src=missing/none ee=(+0.007,+0.333,+0.159) target=(-0.099,+0.772,+0.009) mode=basket target_label=basket target_src=vision
[real_action_bridge-4]   flags  home=1 grasp=0 in_target=0 drop=0 attempts=0 phase_override=- return_home=0 placed=0
[real_action_bridge-4]   policy skip(missing object pose)
[real_action_bridge-4]   target -
[real_action_bridge-4]   exec   hold: missing object pose stage=IDLE plan=none fail=-
[real_action_bridge-4]   age    img=0.02s box=0.07s mot=0.00s grip=0.00s plan=none
[real_action_bridge-4] 
[real_action_bridge-4] [REAL ACTION ARMED] phase=OBSERVE_OBJECT conf=0.35 ok=0
[real_action_bridge-4]   reason no target object pose
[real_action_bridge-4]   state  obj=missing src=missing/none ee=(+0.007,+0.333,+0.159) target=(-0.097,+0.772,+0.009) mode=basket target_label=basket target_src=vision
[real_action_bridge-4]   flags  home=1 grasp=0 in_target=0 drop=0 attempts=0 phase_override=- return_home=0 placed=0
[real_action_bridge-4]   policy skip(missing object pose)
[real_action_bridge-4]   target -
[real_action_bridge-4]   exec   hold: missing object pose stage=IDLE plan=none fail=-
[real_action_bridge-4]   age    img=0.03s box=0.07s mot=0.00s grip=0.00s plan=none
[real_action_bridge-4] [STT] 인식: '물, 바구니, 넣어, 넣어.'
[real_action_bridge-4] [STT] 파싱 실패: '물, 바구니, 넣어, 넣어.'
[real_action_bridge-4] 
[real_action_bridge-4] [STT] 대기 중... 스페이스바=녹음 시작  q=종료
[real_action_bridge-4] 
[real_action_bridge-4] [REAL ACTION ARMED] phase=OBSERVE_OBJECT conf=0.35 ok=0
[real_action_bridge-4]   reason no target object pose
[real_action_bridge-4]   state  obj=missing src=missing/none ee=(+0.007,+0.333,+0.159) target=(-0.098,+0.771,+0.009) mode=basket target_label=basket target_src=vision
[real_action_bridge-4]   flags  home=1 grasp=0 in_target=0 drop=0 attempts=0 phase_override=- return_home=0 placed=0
[real_action_bridge-4]   policy skip(missing object pose)
[real_action_bridge-4]   target -
[real_action_bridge-4]   exec   hold: missing object pose stage=IDLE plan=none fail=-
[real_action_bridge-4]   age    img=0.03s box=0.03s mot=0.00s grip=0.00s plan=none
[real_action_bridge-4] 
[real_action_bridge-4] [REAL ACTION ARMED] phase=OBSERVE_OBJECT conf=0.35 ok=0
[real_action_bridge-4]   reason no target object pose
[real_action_bridge-4]   state  obj=missing src=missing/none ee=(+0.007,+0.333,+0.159) target=(-0.098,+0.772,+0.009) mode=basket target_label=basket target_src=vision
[real_action_bridge-4]   flags  home=1 grasp=0 in_target=0 drop=0 attempts=0 phase_override=- return_home=0 placed=0
[real_action_bridge-4]   policy skip(missing object pose)
[real_action_bridge-4]   target -
[real_action_bridge-4]   exec   hold: missing object pose stage=IDLE plan=none fail=-
[real_action_bridge-4]   age    img=0.02s box=0.05s mot=0.00s grip=0.00s plan=none
[real_action_bridge-4] 
[real_action_bridge-4] [REAL ACTION ARMED] phase=OBSERVE_OBJECT conf=0.35 ok=0
[real_action_bridge-4]   reason no target object pose
[real_action_bridge-4]   state  obj=missing src=missing/none ee=(+0.007,+0.333,+0.159) target=(-0.098,+0.773,+0.009) mode=basket target_label=basket target_src=vision
[real_action_bridge-4]   flags  home=1 grasp=0 in_target=0 drop=0 attempts=0 phase_override=- return_home=0 placed=0
[real_action_bridge-4]   policy skip(missing object pose)
[real_action_bridge-4]   target -
[real_action_bridge-4]   exec   hold: missing object pose stage=IDLE plan=none fail=-
[real_action_bridge-4]   age    img=0.02s box=0.02s mot=0.00s grip=0.00s plan=none
[real_action_bridge-4] 
[real_action_bridge-4] [REAL ACTION ARMED] phase=OBSERVE_OBJECT conf=0.35 ok=0
[real_action_bridge-4]   reason no target object pose
[real_action_bridge-4]   state  obj=missing src=missing/none ee=(+0.007,+0.333,+0.159) target=(-0.097,+0.773,+0.009) mode=basket target_label=basket target_src=vision
[real_action_bridge-4]   flags  home=1 grasp=0 in_target=0 drop=0 attempts=0 phase_override=- return_home=0 placed=0
[real_action_bridge-4]   policy skip(missing object pose)
[real_action_bridge-4]   target -
[real_action_bridge-4]   exec   hold: missing object pose stage=IDLE plan=none fail=-
[real_action_bridge-4]   age    img=0.04s box=0.07s mot=0.01s grip=0.01s plan=none
[real_action_bridge-4] 
[real_action_bridge-4] [REAL ACTION ARMED] phase=OBSERVE_OBJECT conf=0.35 ok=0
[real_action_bridge-4]   reason no target object pose
[real_action_bridge-4]   state  obj=missing src=missing/none ee=(+0.007,+0.333,+0.159) target=(-0.097,+0.773,+0.009) mode=basket target_label=basket target_src=vision
[real_action_bridge-4]   flags  home=1 grasp=0 in_target=0 drop=0 attempts=0 phase_override=- return_home=0 placed=0
[real_action_bridge-4]   policy skip(missing object pose)
[real_action_bridge-4]   target -
[real_action_bridge-4]   exec   hold: missing object pose stage=IDLE plan=none fail=-
[real_action_bridge-4]   age    img=0.53s box=0.57s mot=0.01s grip=0.01s plan=none
[real_action_bridge-4] 
[real_action_bridge-4] [REAL ACTION ARMED] phase=OBSERVE_OBJECT conf=0.35 ok=0
[real_action_bridge-4]   reason no target object pose
[real_action_bridge-4]   state  obj=missing src=missing/none ee=(+0.007,+0.333,+0.159) target=(-0.097,+0.773,+0.009) mode=basket target_label=basket target_src=vision
[real_action_bridge-4]   flags  home=1 grasp=0 in_target=0 drop=0 attempts=0 phase_override=- return_home=0 placed=0
[real_action_bridge-4]   policy skip(missing object pose)
[real_action_bridge-4]   target -
[real_action_bridge-4]   exec   hold: missing object pose stage=IDLE plan=none fail=-
[real_action_bridge-4]   age    img=1.04s box=1.07s mot=0.01s grip=0.01s plan=none
[real_action_bridge-4] 
[real_action_bridge-4] [REAL ACTION ARMED] phase=OBSERVE_OBJECT conf=0.35 ok=0
[real_action_bridge-4]   reason no target object pose
[real_action_bridge-4]   state  obj=missing src=missing/none ee=(+0.007,+0.333,+0.159) target=(-0.097,+0.773,+0.009) mode=basket target_label=basket target_src=vision
[real_action_bridge-4]   flags  home=1 grasp=0 in_target=0 drop=0 attempts=0 phase_override=- return_home=0 placed=0
[real_action_bridge-4]   policy skip(missing object pose)
[real_action_bridge-4]   target -
[real_action_bridge-4]   exec   hold: missing object pose stage=IDLE plan=none fail=-
[real_action_bridge-4]   age    img=1.53s box=1.57s mot=0.01s grip=0.01s plan=none
[real_action_bridge-4] 
[real_action_bridge-4] [REAL ACTION ARMED] phase=OBSERVE_OBJECT conf=0.35 ok=0
[real_action_bridge-4]   reason no target object pose
[real_action_bridge-4]   state  obj=missing src=missing/none ee=(+0.007,+0.333,+0.159) target=(-0.097,+0.773,+0.009) mode=basket target_label=basket target_src=vision
[real_action_bridge-4]   flags  home=1 grasp=0 in_target=0 drop=0 attempts=0 phase_override=- return_home=0 placed=0
[real_action_bridge-4]   policy skip(missing object pose)
[real_action_bridge-4]   target -
[real_action_bridge-4]   exec   hold: missing object pose stage=IDLE plan=none fail=-
[real_action_bridge-4]   age    img=2.03s box=2.07s mot=0.01s grip=0.01s plan=none
[real_action_bridge-4] 
[real_action_bridge-4] [REAL ACTION ARMED] phase=OBSERVE_OBJECT conf=0.35 ok=0
[real_action_bridge-4]   reason no target object pose
[real_action_bridge-4]   state  obj=missing src=missing/none ee=(+0.007,+0.333,+0.159) target=(-0.097,+0.772,+0.009) mode=basket target_label=basket target_src=vision
[real_action_bridge-4]   flags  home=1 grasp=0 in_target=0 drop=0 attempts=0 phase_override=- return_home=0 placed=0
[real_action_bridge-4]   policy skip(missing object pose)
[real_action_bridge-4]   target -
[real_action_bridge-4]   exec   hold: missing object pose stage=IDLE plan=none fail=-
[real_action_bridge-4]   age    img=2.53s box=2.53s mot=0.00s grip=0.00s plan=none
[real_action_bridge-4] 
[real_action_bridge-4] [STT] 녹음 중... 스페이스바=종료  q=취소
[real_action_bridge-4] 
[real_action_bridge-4] [REAL ACTION ARMED] phase=OBSERVE_OBJECT conf=0.35 ok=0
[real_action_bridge-4]   reason no target object pose
[real_action_bridge-4]   state  obj=missing src=missing/none ee=(+0.007,+0.333,+0.159) target=(-0.097,+0.772,+0.009) mode=basket target_label=basket target_src=vision
[real_action_bridge-4]   flags  home=1 grasp=0 in_target=0 drop=0 attempts=0 phase_override=- return_home=0 placed=0
[real_action_bridge-4]   policy skip(missing object pose)
[real_action_bridge-4]   target -
[real_action_bridge-4]   exec   hold: missing object pose stage=IDLE plan=none fail=-
[real_action_bridge-4]   age    img=0.52s box=3.03s mot=0.01s grip=0.01s plan=none
[real_action_bridge-4] 
[real_action_bridge-4] [REAL ACTION ARMED] phase=OBSERVE_OBJECT conf=0.35 ok=0
[real_action_bridge-4]   reason no target object pose
[real_action_bridge-4]   state  obj=missing src=missing/none ee=(+0.007,+0.333,+0.159) target=(-0.097,+0.772,+0.009) mode=basket target_label=basket target_src=vision
[real_action_bridge-4]   flags  home=1 grasp=0 in_target=0 drop=0 attempts=0 phase_override=- return_home=0 placed=0
[real_action_bridge-4]   policy skip(missing object pose)
[real_action_bridge-4]   target -
[real_action_bridge-4]   exec   hold: missing object pose stage=IDLE plan=none fail=-
[real_action_bridge-4]   age    img=1.02s box=3.53s mot=0.01s grip=0.01s plan=none
[real_action_bridge-4] 
[real_action_bridge-4] [REAL ACTION ARMED] phase=OBSERVE_OBJECT conf=0.35 ok=0
[real_action_bridge-4]   reason no target object pose
[real_action_bridge-4]   state  obj=missing src=missing/none ee=(+0.007,+0.333,+0.159) target=(-0.097,+0.772,+0.009) mode=basket target_label=basket target_src=vision
[real_action_bridge-4]   flags  home=1 grasp=0 in_target=0 drop=0 attempts=0 phase_override=- return_home=0 placed=0
[real_action_bridge-4]   policy skip(missing object pose)
[real_action_bridge-4]   target -
[real_action_bridge-4]   exec   hold: missing object pose stage=IDLE plan=none fail=-
[real_action_bridge-4]   age    img=1.53s box=4.04s mot=0.01s grip=0.01s plan=none
[real_action_bridge-4] 
[real_action_bridge-4] [REAL ACTION ARMED] phase=OBSERVE_OBJECT conf=0.35 ok=0
[real_action_bridge-4]   reason no target object pose
[real_action_bridge-4]   state  obj=missing src=missing/none ee=(+0.007,+0.333,+0.159) target=(-0.097,+0.772,+0.009) mode=basket target_label=basket target_src=vision
[real_action_bridge-4]   flags  home=1 grasp=0 in_target=0 drop=0 attempts=0 phase_override=- return_home=0 placed=0
[real_action_bridge-4]   policy skip(missing object pose)
[real_action_bridge-4]   target -
[real_action_bridge-4]   exec   hold: missing object pose stage=IDLE plan=none fail=-
[real_action_bridge-4]   age    img=2.02s box=4.53s mot=0.01s grip=0.01s plan=none
[real_action_bridge-4] 
[real_action_bridge-4] [REAL ACTION ARMED] phase=OBSERVE_OBJECT conf=0.35 ok=0
[real_action_bridge-4]   reason no target object pose
[real_action_bridge-4]   state  obj=missing src=missing/none ee=(+0.007,+0.333,+0.159) target=(-0.097,+0.772,+0.009) mode=basket target_label=basket target_src=vision
[real_action_bridge-4]   flags  home=1 grasp=0 in_target=0 drop=0 attempts=0 phase_override=- return_home=0 placed=0
[real_action_bridge-4]   policy skip(missing object pose)
[real_action_bridge-4]   target -
[real_action_bridge-4]   exec   hold: missing object pose stage=IDLE plan=none fail=-
[real_action_bridge-4]   age    img=0.28s box=2.52s mot=0.01s grip=0.01s plan=none
[real_action_bridge-4] 
[real_action_bridge-4] [REAL ACTION ARMED] phase=OBSERVE_OBJECT conf=0.35 ok=0
[real_action_bridge-4]   reason no target object pose
[real_action_bridge-4]   state  obj=missing src=missing/none ee=(+0.007,+0.333,+0.159) target=(-0.096,+0.773,+0.009) mode=basket target_label=basket target_src=vision
[real_action_bridge-4]   flags  home=1 grasp=0 in_target=0 drop=0 attempts=0 phase_override=- return_home=0 placed=0
[real_action_bridge-4]   policy skip(missing object pose)
[real_action_bridge-4]   target -
[real_action_bridge-4]   exec   hold: missing object pose stage=IDLE plan=none fail=-
[real_action_bridge-4]   age    img=0.02s box=0.02s mot=0.00s grip=0.00s plan=none
[real_action_bridge-4] [STT] 녹음 완료 (2.3초), 음성 인식 중...
[real_action_bridge-4] 
[real_action_bridge-4] [REAL ACTION ARMED] phase=OBSERVE_OBJECT conf=0.35 ok=0
[real_action_bridge-4]   reason no target object pose
[real_action_bridge-4]   state  obj=missing src=missing/none ee=(+0.007,+0.333,+0.159) target=(-0.098,+0.773,+0.009) mode=basket target_label=basket target_src=vision
[real_action_bridge-4]   flags  home=1 grasp=0 in_target=0 drop=0 attempts=0 phase_override=- return_home=0 placed=0
[real_action_bridge-4]   policy skip(missing object pose)
[real_action_bridge-4]   target -
[real_action_bridge-4]   exec   hold: missing object pose stage=IDLE plan=none fail=-
[real_action_bridge-4]   age    img=0.03s box=0.03s mot=0.00s grip=0.01s plan=none
[real_action_bridge-4] 
[real_action_bridge-4] [REAL ACTION ARMED] phase=OBSERVE_OBJECT conf=0.35 ok=0
[real_action_bridge-4]   reason no target object pose
[real_action_bridge-4]   state  obj=missing src=missing/none ee=(+0.007,+0.333,+0.159) target=(-0.097,+0.773,+0.009) mode=basket target_label=basket target_src=vision
[real_action_bridge-4]   flags  home=1 grasp=0 in_target=0 drop=0 attempts=0 phase_override=- return_home=0 placed=0
[real_action_bridge-4]   policy skip(missing object pose)
[real_action_bridge-4]   target -
[real_action_bridge-4]   exec   hold: missing object pose stage=IDLE plan=none fail=-
[real_action_bridge-4]   age    img=0.05s box=0.05s mot=0.00s grip=0.00s plan=none
[real_action_bridge-4] 
[real_action_bridge-4] [REAL ACTION ARMED] phase=OBSERVE_OBJECT conf=0.35 ok=0
[real_action_bridge-4]   reason no target object pose
[real_action_bridge-4]   state  obj=missing src=missing/none ee=(+0.007,+0.333,+0.159) target=(-0.097,+0.773,+0.009) mode=basket target_label=basket target_src=vision
[real_action_bridge-4]   flags  home=1 grasp=0 in_target=0 drop=0 attempts=0 phase_override=- return_home=0 placed=0
[real_action_bridge-4]   policy skip(missing object pose)
[real_action_bridge-4]   target -
[real_action_bridge-4]   exec   hold: missing object pose stage=IDLE plan=none fail=-
[real_action_bridge-4]   age    img=0.04s box=0.08s mot=0.00s grip=0.00s plan=none
[real_action_bridge-4] 
[real_action_bridge-4] [REAL ACTION ARMED] phase=OBSERVE_OBJECT conf=0.35 ok=0
[real_action_bridge-4]   reason no target object pose
[real_action_bridge-4]   state  obj=missing src=missing/none ee=(+0.007,+0.333,+0.159) target=(-0.097,+0.772,+0.009) mode=basket target_label=basket target_src=vision
[real_action_bridge-4]   flags  home=1 grasp=0 in_target=0 drop=0 attempts=0 phase_override=- return_home=0 placed=0
[real_action_bridge-4]   policy skip(missing object pose)
[real_action_bridge-4]   target -
[real_action_bridge-4]   exec   hold: missing object pose stage=IDLE plan=none fail=-
[real_action_bridge-4]   age    img=0.04s box=0.04s mot=0.00s grip=0.00s plan=none
[real_action_bridge-4] 
[real_action_bridge-4] [REAL ACTION ARMED] phase=OBSERVE_OBJECT conf=0.35 ok=0
[real_action_bridge-4]   reason no target object pose
[real_action_bridge-4]   state  obj=missing src=missing/none ee=(+0.007,+0.333,+0.159) target=(-0.099,+0.772,+0.009) mode=basket target_label=basket target_src=vision
[real_action_bridge-4]   flags  home=1 grasp=0 in_target=0 drop=0 attempts=0 phase_override=- return_home=0 placed=0
[real_action_bridge-4]   policy skip(missing object pose)
[real_action_bridge-4]   target -
[real_action_bridge-4]   exec   hold: missing object pose stage=IDLE plan=none fail=-
[real_action_bridge-4]   age    img=0.02s box=0.07s mot=0.00s grip=0.00s plan=none
[real_action_bridge-4] [STT] 인식: '빨간색, 블록을 저 위에 넣어...'
[real_action_bridge-4] [STT] 파싱 실패: '빨간색, 블록을 저 위에 넣어...'
[real_action_bridge-4] 
[real_action_bridge-4] [STT] 대기 중... 스페이스바=녹음 시작  q=종료
[real_action_bridge-4] 
[real_action_bridge-4] [REAL ACTION ARMED] phase=OBSERVE_OBJECT conf=0.35 ok=0
[real_action_bridge-4]   reason no target object pose
[real_action_bridge-4]   state  obj=missing src=missing/none ee=(+0.007,+0.333,+0.159) target=(-0.097,+0.773,+0.009) mode=basket target_label=basket target_src=vision
[real_action_bridge-4]   flags  home=1 grasp=0 in_target=0 drop=0 attempts=0 phase_override=- return_home=0 placed=0
[real_action_bridge-4]   policy skip(missing object pose)
[real_action_bridge-4]   target -
[real_action_bridge-4]   exec   hold: missing object pose stage=IDLE plan=none fail=-
[real_action_bridge-4]   age    img=0.02s box=0.06s mot=0.00s grip=0.00s plan=none
[real_action_bridge-4] 
[real_action_bridge-4] [REAL ACTION ARMED] phase=OBSERVE_OBJECT conf=0.35 ok=0
[real_action_bridge-4]   reason no target object pose
[real_action_bridge-4]   state  obj=missing src=missing/none ee=(+0.007,+0.333,+0.159) target=(-0.098,+0.772,+0.009) mode=basket target_label=basket target_src=vision
[real_action_bridge-4]   flags  home=1 grasp=0 in_target=0 drop=0 attempts=0 phase_override=- return_home=0 placed=0
[real_action_bridge-4]   policy skip(missing object pose)
[real_action_bridge-4]   target -
[real_action_bridge-4]   exec   hold: missing object pose stage=IDLE plan=none fail=-
[real_action_bridge-4]   age    img=0.01s box=0.04s mot=0.00s grip=0.00s plan=none
[real_action_bridge-4] 
[real_action_bridge-4] [REAL ACTION ARMED] phase=OBSERVE_OBJECT conf=0.35 ok=0
[real_action_bridge-4]   reason no target object pose
[real_action_bridge-4]   state  obj=missing src=missing/none ee=(+0.007,+0.333,+0.159) target=(-0.098,+0.772,+0.009) mode=basket target_label=basket target_src=vision
[real_action_bridge-4]   flags  home=1 grasp=0 in_target=0 drop=0 attempts=0 phase_override=- return_home=0 placed=0
[real_action_bridge-4]   policy skip(missing object pose)
[real_action_bridge-4]   target -
[real_action_bridge-4]   exec   hold: missing object pose stage=IDLE plan=none fail=-
[real_action_bridge-4]   age    img=0.02s box=0.05s mot=0.00s grip=0.00s plan=none
[real_action_bridge-4] 
[real_action_bridge-4] [REAL ACTION ARMED] phase=OBSERVE_OBJECT conf=0.35 ok=0
[real_action_bridge-4]   reason no target object pose
[real_action_bridge-4]   state  obj=missing src=missing/none ee=(+0.007,+0.333,+0.159) target=(-0.096,+0.773,+0.009) mode=basket target_label=basket target_src=vision
[real_action_bridge-4]   flags  home=1 grasp=0 in_target=0 drop=0 attempts=0 phase_override=- return_home=0 placed=0
[real_action_bridge-4]   policy skip(missing object pose)
[real_action_bridge-4]   target -
[real_action_bridge-4]   exec   hold: missing object pose stage=IDLE plan=none fail=-
[real_action_bridge-4]   age    img=0.02s box=0.06s mot=0.00s grip=0.00s plan=none
[real_action_bridge-4] 
[real_action_bridge-4] [REAL ACTION ARMED] phase=OBSERVE_OBJECT conf=0.35 ok=0
[real_action_bridge-4]   reason no target object pose
[real_action_bridge-4]   state  obj=missing src=missing/none ee=(+0.007,+0.333,+0.159) target=(-0.098,+0.772,+0.009) mode=basket target_label=basket target_src=vision
[real_action_bridge-4]   flags  home=1 grasp=0 in_target=0 drop=0 attempts=0 phase_override=- return_home=0 placed=0
[real_action_bridge-4]   policy skip(missing object pose)
[real_action_bridge-4]   target -
[real_action_bridge-4]   exec   hold: missing object pose stage=IDLE plan=none fail=-
[real_action_bridge-4]   age    img=0.03s box=0.03s mot=0.00s grip=0.00s plan=none
[real_action_bridge-4] 
[real_action_bridge-4] [REAL ACTION ARMED] phase=OBSERVE_OBJECT conf=0.35 ok=0
[real_action_bridge-4]   reason no target object pose
[real_action_bridge-4]   state  obj=missing src=missing/none ee=(+0.007,+0.333,+0.159) target=(-0.097,+0.772,+0.009) mode=basket target_label=basket target_src=vision
[real_action_bridge-4]   flags  home=1 grasp=0 in_target=0 drop=0 attempts=0 phase_override=- return_home=0 placed=0
[real_action_bridge-4]   policy skip(missing object pose)
[real_action_bridge-4]   target -
[real_action_bridge-4]   exec   hold: missing object pose stage=IDLE plan=none fail=-
[real_action_bridge-4]   age    img=0.04s box=0.04s mot=0.00s grip=0.00s plan=none
[real_action_bridge-4] 
[real_action_bridge-4] [REAL ACTION ARMED] phase=OBSERVE_OBJECT conf=0.35 ok=0
[real_action_bridge-4]   reason no target object pose
[real_action_bridge-4]   state  obj=missing src=missing/none ee=(+0.007,+0.333,+0.159) target=(-0.097,+0.773,+0.009) mode=basket target_label=basket target_src=vision
[real_action_bridge-4]   flags  home=1 grasp=0 in_target=0 drop=0 attempts=0 phase_override=- return_home=0 placed=0
[real_action_bridge-4]   policy skip(missing object pose)
[real_action_bridge-4]   target -
[real_action_bridge-4]   exec   hold: missing object pose stage=IDLE plan=none fail=-
[real_action_bridge-4]   age    img=0.01s box=0.04s mot=0.00s grip=0.00s plan=none
[real_action_bridge-4] 
[real_action_bridge-4] [STT] 녹음 중... 스페이스바=종료  q=취소
[real_action_bridge-4] 
[real_action_bridge-4] [REAL ACTION ARMED] phase=OBSERVE_OBJECT conf=0.35 ok=0
[real_action_bridge-4]   reason no target object pose
[real_action_bridge-4]   state  obj=missing src=missing/none ee=(+0.007,+0.333,+0.159) target=(-0.096,+0.772,+0.009) mode=basket target_label=basket target_src=vision
[real_action_bridge-4]   flags  home=1 grasp=0 in_target=0 drop=0 attempts=0 phase_override=- return_home=0 placed=0
[real_action_bridge-4]   policy skip(missing object pose)
[real_action_bridge-4]   target -
[real_action_bridge-4]   exec   hold: missing object pose stage=IDLE plan=none fail=-
[real_action_bridge-4]   age    img=0.02s box=0.05s mot=0.00s grip=0.00s plan=none
[real_action_bridge-4] 
[real_action_bridge-4] [REAL ACTION ARMED] phase=OBSERVE_OBJECT conf=0.35 ok=0
[real_action_bridge-4]   reason no target object pose
[real_action_bridge-4]   state  obj=missing src=missing/none ee=(+0.007,+0.333,+0.159) target=(-0.097,+0.771,+0.009) mode=basket target_label=basket target_src=vision
[real_action_bridge-4]   flags  home=1 grasp=0 in_target=0 drop=0 attempts=0 phase_override=- return_home=0 placed=0
[real_action_bridge-4]   policy skip(missing object pose)
[real_action_bridge-4]   target -
[real_action_bridge-4]   exec   hold: missing object pose stage=IDLE plan=none fail=-
[real_action_bridge-4]   age    img=0.02s box=0.02s mot=0.00s grip=0.00s plan=none
[real_action_bridge-4] 
[real_action_bridge-4] [REAL ACTION ARMED] phase=OBSERVE_OBJECT conf=0.35 ok=0
[real_action_bridge-4]   reason no target object pose
[real_action_bridge-4]   state  obj=missing src=missing/none ee=(+0.007,+0.333,+0.159) target=(-0.098,+0.772,+0.009) mode=basket target_label=basket target_src=vision
[real_action_bridge-4]   flags  home=1 grasp=0 in_target=0 drop=0 attempts=0 phase_override=- return_home=0 placed=0
[real_action_bridge-4]   policy skip(missing object pose)
[real_action_bridge-4]   target -
[real_action_bridge-4]   exec   hold: missing object pose stage=IDLE plan=none fail=-
[real_action_bridge-4]   age    img=0.03s box=0.03s mot=0.00s grip=0.00s plan=none
[real_action_bridge-4] 
[real_action_bridge-4] [REAL ACTION ARMED] phase=OBSERVE_OBJECT conf=0.35 ok=0
[real_action_bridge-4]   reason no target object pose
[real_action_bridge-4]   state  obj=missing src=missing/none ee=(+0.007,+0.333,+0.159) target=(-0.098,+0.772,+0.009) mode=basket target_label=basket target_src=vision
[real_action_bridge-4]   flags  home=1 grasp=0 in_target=0 drop=0 attempts=0 phase_override=- return_home=0 placed=0
[real_action_bridge-4]   policy skip(missing object pose)
[real_action_bridge-4]   target -
[real_action_bridge-4]   exec   hold: missing object pose stage=IDLE plan=none fail=-
[real_action_bridge-4]   age    img=0.01s box=0.03s mot=0.00s grip=0.00s plan=none
[real_action_bridge-4] 
[real_action_bridge-4] [REAL ACTION ARMED] phase=OBSERVE_OBJECT conf=0.35 ok=0
[real_action_bridge-4]   reason no target object pose
[real_action_bridge-4]   state  obj=missing src=missing/none ee=(+0.007,+0.333,+0.159) target=(-0.099,+0.773,+0.009) mode=basket target_label=basket target_src=vision
[real_action_bridge-4]   flags  home=1 grasp=0 in_target=0 drop=0 attempts=0 phase_override=- return_home=0 placed=0
[real_action_bridge-4]   policy skip(missing object pose)
[real_action_bridge-4]   target -
[real_action_bridge-4]   exec   hold: missing object pose stage=IDLE plan=none fail=-
[real_action_bridge-4]   age    img=0.01s box=0.04s mot=0.00s grip=0.00s plan=none
[real_action_bridge-4] 
[real_action_bridge-4] [REAL ACTION ARMED] phase=OBSERVE_OBJECT conf=0.35 ok=0
[real_action_bridge-4]   reason no target object pose
[real_action_bridge-4]   state  obj=missing src=missing/none ee=(+0.007,+0.333,+0.159) target=(-0.097,+0.773,+0.009) mode=basket target_label=basket target_src=vision
[real_action_bridge-4]   flags  home=1 grasp=0 in_target=0 drop=0 attempts=0 phase_override=- return_home=0 placed=0
[real_action_bridge-4]   policy skip(missing object pose)
[real_action_bridge-4]   target -
[real_action_bridge-4]   exec   hold: missing object pose stage=IDLE plan=none fail=-
[real_action_bridge-4]   age    img=0.02s box=0.05s mot=0.00s grip=0.00s plan=none
[real_action_bridge-4] 
[real_action_bridge-4] [REAL ACTION ARMED] phase=OBSERVE_OBJECT conf=0.35 ok=0
[real_action_bridge-4]   reason no target object pose
[real_action_bridge-4]   state  obj=missing src=missing/none ee=(+0.007,+0.333,+0.159) target=(-0.099,+0.773,+0.009) mode=basket target_label=basket target_src=vision
[real_action_bridge-4]   flags  home=1 grasp=0 in_target=0 drop=0 attempts=0 phase_override=- return_home=0 placed=0
[real_action_bridge-4]   policy skip(missing object pose)
[real_action_bridge-4]   target -
[real_action_bridge-4]   exec   hold: missing object pose stage=IDLE plan=none fail=-
[real_action_bridge-4]   age    img=0.02s box=0.05s mot=0.00s grip=0.00s plan=none
[real_action_bridge-4] [STT] 녹음 완료 (2.5초), 음성 인식 중...
[real_action_bridge-4] 
[real_action_bridge-4] [REAL ACTION ARMED] phase=OBSERVE_OBJECT conf=0.35 ok=0
[real_action_bridge-4]   reason no target object pose
[real_action_bridge-4]   state  obj=missing src=missing/none ee=(+0.007,+0.333,+0.159) target=(-0.097,+0.773,+0.009) mode=basket target_label=basket target_src=vision
[real_action_bridge-4]   flags  home=1 grasp=0 in_target=0 drop=0 attempts=0 phase_override=- return_home=0 placed=0
[real_action_bridge-4]   policy skip(missing object pose)
[real_action_bridge-4]   target -
[real_action_bridge-4]   exec   hold: missing object pose stage=IDLE plan=none fail=-
[real_action_bridge-4]   age    img=0.22s box=0.22s mot=0.00s grip=0.00s plan=none
[real_action_bridge-4] 
[real_action_bridge-4] [REAL ACTION ARMED] phase=OBSERVE_OBJECT conf=0.35 ok=0
[real_action_bridge-4]   reason no target object pose
[real_action_bridge-4]   state  obj=missing src=missing/none ee=(+0.007,+0.333,+0.159) target=(-0.098,+0.773,+0.009) mode=basket target_label=basket target_src=vision
[real_action_bridge-4]   flags  home=1 grasp=0 in_target=0 drop=0 attempts=0 phase_override=- return_home=0 placed=0
[real_action_bridge-4]   policy skip(missing object pose)
[real_action_bridge-4]   target -
[real_action_bridge-4]   exec   hold: missing object pose stage=IDLE plan=none fail=-
[real_action_bridge-4]   age    img=0.02s box=0.07s mot=0.00s grip=0.00s plan=none
[real_action_bridge-4] 
[real_action_bridge-4] [REAL ACTION ARMED] phase=OBSERVE_OBJECT conf=0.35 ok=0
[real_action_bridge-4]   reason no target object pose
[real_action_bridge-4]   state  obj=missing src=missing/none ee=(+0.007,+0.333,+0.159) target=(-0.099,+0.772,+0.009) mode=basket target_label=basket target_src=vision
[real_action_bridge-4]   flags  home=1 grasp=0 in_target=0 drop=0 attempts=0 phase_override=- return_home=0 placed=0
[real_action_bridge-4]   policy skip(missing object pose)
[real_action_bridge-4]   target -
[real_action_bridge-4]   exec   hold: missing object pose stage=IDLE plan=none fail=-
[real_action_bridge-4]   age    img=0.01s box=0.05s mot=0.00s grip=0.00s plan=none
[real_action_bridge-4] 
[real_action_bridge-4] [REAL ACTION ARMED] phase=OBSERVE_OBJECT conf=0.35 ok=0
[real_action_bridge-4]   reason no target object pose
[real_action_bridge-4]   state  obj=missing src=missing/none ee=(+0.007,+0.333,+0.159) target=(-0.097,+0.772,+0.009) mode=basket target_label=basket target_src=vision
[real_action_bridge-4]   flags  home=1 grasp=0 in_target=0 drop=0 attempts=0 phase_override=- return_home=0 placed=0
[real_action_bridge-4]   policy skip(missing object pose)
[real_action_bridge-4]   target -
[real_action_bridge-4]   exec   hold: missing object pose stage=IDLE plan=none fail=-
[real_action_bridge-4]   age    img=0.05s box=0.05s mot=0.00s grip=0.00s plan=none
[real_action_bridge-4] 
[real_action_bridge-4] [REAL ACTION ARMED] phase=OBSERVE_OBJECT conf=0.35 ok=0
[real_action_bridge-4]   reason no target object pose
[real_action_bridge-4]   state  obj=missing src=missing/none ee=(+0.007,+0.333,+0.159) target=(-0.097,+0.773,+0.009) mode=basket target_label=basket target_src=vision
[real_action_bridge-4]   flags  home=1 grasp=0 in_target=0 drop=0 attempts=0 phase_override=- return_home=0 placed=0
[real_action_bridge-4]   policy skip(missing object pose)
[real_action_bridge-4]   target -
[real_action_bridge-4]   exec   hold: missing object pose stage=IDLE plan=none fail=-
[real_action_bridge-4]   age    img=0.04s box=0.09s mot=0.00s grip=0.00s plan=none
[real_action_bridge-4] [STT] 인식: '빨간색, 블록, 바구니입니다.'
[real_action_bridge-4] [STT] 파싱 실패: '빨간색, 블록, 바구니입니다.'
[real_action_bridge-4] 
[real_action_bridge-4] [STT] 대기 중... 스페이스바=녹음 시작  q=종료
[real_action_bridge-4] 
[real_action_bridge-4] [REAL ACTION ARMED] phase=OBSERVE_OBJECT conf=0.35 ok=0
[real_action_bridge-4]   reason no target object pose
[real_action_bridge-4]   state  obj=missing src=missing/none ee=(+0.007,+0.333,+0.159) target=(-0.097,+0.772,+0.009) mode=basket target_label=basket target_src=vision
[real_action_bridge-4]   flags  home=1 grasp=0 in_target=0 drop=0 attempts=0 phase_override=- return_home=0 placed=0
[real_action_bridge-4]   policy skip(missing object pose)
[real_action_bridge-4]   target -
[real_action_bridge-4]   exec   hold: missing object pose stage=IDLE plan=none fail=-
[real_action_bridge-4]   age    img=0.01s box=0.04s mot=0.00s grip=0.00s plan=none
[real_action_bridge-4] 
[real_action_bridge-4] [REAL ACTION ARMED] phase=OBSERVE_OBJECT conf=0.35 ok=0
[real_action_bridge-4]   reason no target object pose
[real_action_bridge-4]   state  obj=missing src=missing/none ee=(+0.007,+0.333,+0.159) target=(-0.098,+0.772,+0.009) mode=basket target_label=basket target_src=vision
[real_action_bridge-4]   flags  home=1 grasp=0 in_target=0 drop=0 attempts=0 phase_override=- return_home=0 placed=0
[real_action_bridge-4]   policy skip(missing object pose)
[real_action_bridge-4]   target -
[real_action_bridge-4]   exec   hold: missing object pose stage=IDLE plan=none fail=-
[real_action_bridge-4]   age    img=0.03s box=0.03s mot=0.00s grip=0.00s plan=none
[real_action_bridge-4] 
[real_action_bridge-4] [REAL ACTION ARMED] phase=OBSERVE_OBJECT conf=0.35 ok=0
[real_action_bridge-4]   reason no target object pose
[real_action_bridge-4]   state  obj=missing src=missing/none ee=(+0.007,+0.333,+0.159) target=(-0.097,+0.774,+0.009) mode=basket target_label=basket target_src=vision
[real_action_bridge-4]   flags  home=1 grasp=0 in_target=0 drop=0 attempts=0 phase_override=- return_home=0 placed=0
[real_action_bridge-4]   policy skip(missing object pose)
[real_action_bridge-4]   target -
[real_action_bridge-4]   exec   hold: missing object pose stage=IDLE plan=none fail=-
[real_action_bridge-4]   age    img=0.04s box=0.04s mot=0.00s grip=0.00s plan=none
[real_action_bridge-4] 
[real_action_bridge-4] [REAL ACTION ARMED] phase=OBSERVE_OBJECT conf=0.35 ok=0
[real_action_bridge-4]   reason no target object pose
[real_action_bridge-4]   state  obj=missing src=missing/none ee=(+0.007,+0.333,+0.159) target=(-0.098,+0.773,+0.009) mode=basket target_label=basket target_src=vision
[real_action_bridge-4]   flags  home=1 grasp=0 in_target=0 drop=0 attempts=0 phase_override=- return_home=0 placed=0
[real_action_bridge-4]   policy skip(missing object pose)
[real_action_bridge-4]   target -
[real_action_bridge-4]   exec   hold: missing object pose stage=IDLE plan=none fail=-
[real_action_bridge-4]   age    img=0.01s box=0.04s mot=0.00s grip=0.00s plan=none
[real_action_bridge-4] 
[real_action_bridge-4] [REAL ACTION ARMED] phase=OBSERVE_OBJECT conf=0.35 ok=0
[real_action_bridge-4]   reason no target object pose
[real_action_bridge-4]   state  obj=missing src=missing/none ee=(+0.007,+0.333,+0.159) target=(-0.099,+0.772,+0.009) mode=basket target_label=basket target_src=vision
[real_action_bridge-4]   flags  home=1 grasp=0 in_target=0 drop=0 attempts=0 phase_override=- return_home=0 placed=0
[real_action_bridge-4]   policy skip(missing object pose)
[real_action_bridge-4]   target -
[real_action_bridge-4]   exec   hold: missing object pose stage=IDLE plan=none fail=-
[real_action_bridge-4]   age    img=0.02s box=0.05s mot=0.00s grip=0.00s plan=none
[real_action_bridge-4] 
[real_action_bridge-4] [REAL ACTION ARMED] phase=OBSERVE_OBJECT conf=0.35 ok=0
[real_action_bridge-4]   reason no target object pose
[real_action_bridge-4]   state  obj=missing src=missing/none ee=(+0.007,+0.333,+0.159) target=(-0.098,+0.773,+0.009) mode=basket target_label=basket target_src=vision
[real_action_bridge-4]   flags  home=1 grasp=0 in_target=0 drop=0 attempts=0 phase_override=- return_home=0 placed=0
[real_action_bridge-4]   policy skip(missing object pose)
[real_action_bridge-4]   target -
[real_action_bridge-4]   exec   hold: missing object pose stage=IDLE plan=none fail=-
[real_action_bridge-4]   age    img=0.01s box=0.05s mot=0.00s grip=0.00s plan=none
[real_action_bridge-4] 
[real_action_bridge-4] [REAL ACTION ARMED] phase=OBSERVE_OBJECT conf=0.35 ok=0
[real_action_bridge-4]   reason no target object pose
[real_action_bridge-4]   state  obj=missing src=missing/none ee=(+0.007,+0.333,+0.159) target=(-0.099,+0.773,+0.009) mode=basket target_label=basket target_src=vision
[real_action_bridge-4]   flags  home=1 grasp=0 in_target=0 drop=0 attempts=0 phase_override=- return_home=0 placed=0
[real_action_bridge-4]   policy skip(missing object pose)
[real_action_bridge-4]   target -
[real_action_bridge-4]   exec   hold: missing object pose stage=IDLE plan=none fail=-
[real_action_bridge-4]   age    img=0.03s box=0.03s mot=0.00s grip=0.00s plan=none
[real_action_bridge-4] 
[real_action_bridge-4] [STT] 녹음 중... 스페이스바=종료  q=취소
[real_action_bridge-4] 
[real_action_bridge-4] [REAL ACTION ARMED] phase=OBSERVE_OBJECT conf=0.35 ok=0
[real_action_bridge-4]   reason no target object pose
[real_action_bridge-4]   state  obj=missing src=missing/none ee=(+0.007,+0.333,+0.159) target=(-0.099,+0.773,+0.009) mode=basket target_label=basket target_src=vision
[real_action_bridge-4]   flags  home=1 grasp=0 in_target=0 drop=0 attempts=0 phase_override=- return_home=0 placed=0
[real_action_bridge-4]   policy skip(missing object pose)
[real_action_bridge-4]   target -
[real_action_bridge-4]   exec   hold: missing object pose stage=IDLE plan=none fail=-
[real_action_bridge-4]   age    img=0.04s box=0.04s mot=0.00s grip=0.00s plan=none
[real_action_bridge-4] 
[real_action_bridge-4] [REAL ACTION ARMED] phase=OBSERVE_OBJECT conf=0.35 ok=0
[real_action_bridge-4]   reason no target object pose
[real_action_bridge-4]   state  obj=missing src=missing/none ee=(+0.007,+0.333,+0.159) target=(-0.097,+0.773,+0.009) mode=basket target_label=basket target_src=vision
[real_action_bridge-4]   flags  home=1 grasp=0 in_target=0 drop=0 attempts=0 phase_override=- return_home=0 placed=0
[real_action_bridge-4]   policy skip(missing object pose)
[real_action_bridge-4]   target -
[real_action_bridge-4]   exec   hold: missing object pose stage=IDLE plan=none fail=-
[real_action_bridge-4]   age    img=0.01s box=0.04s mot=0.00s grip=0.00s plan=none
[real_action_bridge-4] 
[real_action_bridge-4] [REAL ACTION ARMED] phase=OBSERVE_OBJECT conf=0.35 ok=0
[real_action_bridge-4]   reason no target object pose
[real_action_bridge-4]   state  obj=missing src=missing/none ee=(+0.007,+0.333,+0.159) target=(-0.098,+0.772,+0.009) mode=basket target_label=basket target_src=vision
[real_action_bridge-4]   flags  home=1 grasp=0 in_target=0 drop=0 attempts=0 phase_override=- return_home=0 placed=0
[real_action_bridge-4]   policy skip(missing object pose)
[real_action_bridge-4]   target -
[real_action_bridge-4]   exec   hold: missing object pose stage=IDLE plan=none fail=-
[real_action_bridge-4]   age    img=0.02s box=0.05s mot=0.00s grip=0.00s plan=none
[real_action_bridge-4] 
[real_action_bridge-4] [REAL ACTION ARMED] phase=OBSERVE_OBJECT conf=0.35 ok=0
[real_action_bridge-4]   reason no target object pose
[real_action_bridge-4]   state  obj=missing src=missing/none ee=(+0.007,+0.333,+0.159) target=(-0.097,+0.772,+0.009) mode=basket target_label=basket target_src=vision
[real_action_bridge-4]   flags  home=1 grasp=0 in_target=0 drop=0 attempts=0 phase_override=- return_home=0 placed=0
[real_action_bridge-4]   policy skip(missing object pose)
[real_action_bridge-4]   target -
[real_action_bridge-4]   exec   hold: missing object pose stage=IDLE plan=none fail=-
[real_action_bridge-4]   age    img=0.02s box=0.06s mot=0.00s grip=0.00s plan=none
[real_action_bridge-4] 
[real_action_bridge-4] [REAL ACTION ARMED] phase=OBSERVE_OBJECT conf=0.35 ok=0
[real_action_bridge-4]   reason no target object pose
[real_action_bridge-4]   state  obj=missing src=missing/none ee=(+0.007,+0.333,+0.159) target=(-0.097,+0.772,+0.009) mode=basket target_label=basket target_src=vision
[real_action_bridge-4]   flags  home=1 grasp=0 in_target=0 drop=0 attempts=0 phase_override=- return_home=0 placed=0
[real_action_bridge-4]   policy skip(missing object pose)
[real_action_bridge-4]   target -
[real_action_bridge-4]   exec   hold: missing object pose stage=IDLE plan=none fail=-
[real_action_bridge-4]   age    img=0.03s box=0.03s mot=0.00s grip=0.00s plan=none
[real_action_bridge-4] 
[real_action_bridge-4] [REAL ACTION ARMED] phase=OBSERVE_OBJECT conf=0.35 ok=0
[real_action_bridge-4]   reason no target object pose
[real_action_bridge-4]   state  obj=missing src=missing/none ee=(+0.007,+0.333,+0.159) target=(-0.098,+0.773,+0.009) mode=basket target_label=basket target_src=vision
[real_action_bridge-4]   flags  home=1 grasp=0 in_target=0 drop=0 attempts=0 phase_override=- return_home=0 placed=0
[real_action_bridge-4]   policy skip(missing object pose)
[real_action_bridge-4]   target -
[real_action_bridge-4]   exec   hold: missing object pose stage=IDLE plan=none fail=-
[real_action_bridge-4]   age    img=0.04s box=0.04s mot=0.00s grip=0.00s plan=none
[real_action_bridge-4] 
[real_action_bridge-4] [REAL ACTION ARMED] phase=OBSERVE_OBJECT conf=0.35 ok=0
[real_action_bridge-4]   reason no target object pose
[real_action_bridge-4]   state  obj=missing src=missing/none ee=(+0.007,+0.333,+0.159) target=(-0.098,+0.773,+0.009) mode=basket target_label=basket target_src=vision
[real_action_bridge-4]   flags  home=1 grasp=0 in_target=0 drop=0 attempts=0 phase_override=- return_home=0 placed=0
[real_action_bridge-4]   policy skip(missing object pose)
[real_action_bridge-4]   target -
[real_action_bridge-4]   exec   hold: missing object pose stage=IDLE plan=none fail=-
[real_action_bridge-4]   age    img=0.01s box=0.04s mot=0.00s grip=0.00s plan=none
[real_action_bridge-4] 
[real_action_bridge-4] [REAL ACTION ARMED] phase=OBSERVE_OBJECT conf=0.35 ok=0
[real_action_bridge-4]   reason no target object pose
[real_action_bridge-4]   state  obj=missing src=missing/none ee=(+0.007,+0.333,+0.159) target=(-0.098,+0.773,+0.009) mode=basket target_label=basket target_src=vision
[real_action_bridge-4]   flags  home=1 grasp=0 in_target=0 drop=0 attempts=0 phase_override=- return_home=0 placed=0
[real_action_bridge-4]   policy skip(missing object pose)
[real_action_bridge-4]   target -
[real_action_bridge-4]   exec   hold: missing object pose stage=IDLE plan=none fail=-
[real_action_bridge-4]   age    img=0.02s box=0.05s mot=0.00s grip=0.00s plan=none
[real_action_bridge-4] [STT] 녹음 완료 (3.0초), 음성 인식 중...
[real_action_bridge-4] 
[real_action_bridge-4] [REAL ACTION ARMED] phase=OBSERVE_OBJECT conf=0.35 ok=0
[real_action_bridge-4]   reason no target object pose
[real_action_bridge-4]   state  obj=missing src=missing/none ee=(+0.007,+0.333,+0.159) target=(-0.097,+0.772,+0.009) mode=basket target_label=basket target_src=vision
[real_action_bridge-4]   flags  home=1 grasp=0 in_target=0 drop=0 attempts=0 phase_override=- return_home=0 placed=0
[real_action_bridge-4]   policy skip(missing object pose)
[real_action_bridge-4]   target -
[real_action_bridge-4]   exec   hold: missing object pose stage=IDLE plan=none fail=-
[real_action_bridge-4]   age    img=0.04s box=0.08s mot=0.00s grip=0.00s plan=none
[real_action_bridge-4] 
[real_action_bridge-4] [REAL ACTION ARMED] phase=OBSERVE_OBJECT conf=0.35 ok=0
[real_action_bridge-4]   reason no target object pose
[real_action_bridge-4]   state  obj=missing src=missing/none ee=(+0.007,+0.333,+0.159) target=(-0.096,+0.773,+0.009) mode=basket target_label=basket target_src=vision
[real_action_bridge-4]   flags  home=1 grasp=0 in_target=0 drop=0 attempts=0 phase_override=- return_home=0 placed=0
[real_action_bridge-4]   policy skip(missing object pose)
[real_action_bridge-4]   target -
[real_action_bridge-4]   exec   hold: missing object pose stage=IDLE plan=none fail=-
[real_action_bridge-4]   age    img=0.02s box=0.06s mot=0.00s grip=0.00s plan=none
[real_action_bridge-4] 
[real_action_bridge-4] [REAL ACTION ARMED] phase=OBSERVE_OBJECT conf=0.35 ok=0
[real_action_bridge-4]   reason no target object pose
[real_action_bridge-4]   state  obj=missing src=missing/none ee=(+0.007,+0.333,+0.159) target=(-0.098,+0.772,+0.009) mode=basket target_label=basket target_src=vision
[real_action_bridge-4]   flags  home=1 grasp=0 in_target=0 drop=0 attempts=0 phase_override=- return_home=0 placed=0
[real_action_bridge-4]   policy skip(missing object pose)
[real_action_bridge-4]   target -
[real_action_bridge-4]   exec   hold: missing object pose stage=IDLE plan=none fail=-
[real_action_bridge-4]   age    img=0.04s box=0.04s mot=0.00s grip=0.00s plan=none
[real_action_bridge-4] 
[real_action_bridge-4] [REAL ACTION ARMED] phase=OBSERVE_OBJECT conf=0.35 ok=0
[real_action_bridge-4]   reason no target object pose
[real_action_bridge-4]   state  obj=missing src=missing/none ee=(+0.007,+0.333,+0.159) target=(-0.098,+0.772,+0.009) mode=basket target_label=basket target_src=vision
[real_action_bridge-4]   flags  home=1 grasp=0 in_target=0 drop=0 attempts=0 phase_override=- return_home=0 placed=0
[real_action_bridge-4]   policy skip(missing object pose)
[real_action_bridge-4]   target -
[real_action_bridge-4]   exec   hold: missing object pose stage=IDLE plan=none fail=-
[real_action_bridge-4]   age    img=0.02s box=0.07s mot=0.00s grip=0.00s plan=none
[real_action_bridge-4] 
[real_action_bridge-4] [REAL ACTION ARMED] phase=OBSERVE_OBJECT conf=0.35 ok=0
[real_action_bridge-4]   reason no target object pose
[real_action_bridge-4]   state  obj=missing src=missing/none ee=(+0.007,+0.333,+0.159) target=(-0.098,+0.773,+0.009) mode=basket target_label=basket target_src=vision
[real_action_bridge-4]   flags  home=1 grasp=0 in_target=0 drop=0 attempts=0 phase_override=- return_home=0 placed=0
[real_action_bridge-4]   policy skip(missing object pose)
[real_action_bridge-4]   target -
[real_action_bridge-4]   exec   hold: missing object pose stage=IDLE plan=none fail=-
[real_action_bridge-4]   age    img=0.05s box=0.05s mot=0.00s grip=0.00s plan=none
[real_action_bridge-4] 
[real_action_bridge-4] [REAL ACTION ARMED] phase=OBSERVE_OBJECT conf=0.35 ok=0
[real_action_bridge-4]   reason no target object pose
[real_action_bridge-4]   state  obj=missing src=missing/none ee=(+0.007,+0.333,+0.159) target=(-0.097,+0.772,+0.009) mode=basket target_label=basket target_src=vision
[real_action_bridge-4]   flags  home=1 grasp=0 in_target=0 drop=0 attempts=0 phase_override=- return_home=0 placed=0
[real_action_bridge-4]   policy skip(missing object pose)
[real_action_bridge-4]   target -
[real_action_bridge-4]   exec   hold: missing object pose stage=IDLE plan=none fail=-
[real_action_bridge-4]   age    img=0.02s box=0.08s mot=0.00s grip=0.00s plan=none
[real_action_bridge-4] [STT] 인식: '동작 단어는 빨간색, 초록색, 파란색, 블록, 바구니입니다.'
[real_action_bridge-4] [STT] 파싱 실패: '동작 단어는 빨간색, 초록색, 파란색, 블록, 바구니입니다.'
[real_action_bridge-4] 
[real_action_bridge-4] [STT] 대기 중... 스페이스바=녹음 시작  q=종료
[real_action_bridge-4] 
[real_action_bridge-4] [REAL ACTION ARMED] phase=OBSERVE_OBJECT conf=0.35 ok=0
[real_action_bridge-4]   reason no target object pose
[real_action_bridge-4]   state  obj=missing src=missing/none ee=(+0.007,+0.333,+0.159) target=(-0.098,+0.772,+0.009) mode=basket target_label=basket target_src=vision
[real_action_bridge-4]   flags  home=1 grasp=0 in_target=0 drop=0 attempts=0 phase_override=- return_home=0 placed=0
[real_action_bridge-4]   policy skip(missing object pose)
[real_action_bridge-4]   target -
[real_action_bridge-4]   exec   hold: missing object pose stage=IDLE plan=none fail=-
[real_action_bridge-4]   age    img=0.02s box=0.05s mot=0.00s grip=0.00s plan=none
[real_action_bridge-4] 
[real_action_bridge-4] [REAL ACTION ARMED] phase=OBSERVE_OBJECT conf=0.35 ok=0
[real_action_bridge-4]   reason no target object pose
[real_action_bridge-4]   state  obj=missing src=missing/none ee=(+0.007,+0.333,+0.159) target=(-0.098,+0.773,+0.009) mode=basket target_label=basket target_src=vision
[real_action_bridge-4]   flags  home=1 grasp=0 in_target=0 drop=0 attempts=0 phase_override=- return_home=0 placed=0
[real_action_bridge-4]   policy skip(missing object pose)
[real_action_bridge-4]   target -
[real_action_bridge-4]   exec   hold: missing object pose stage=IDLE plan=none fail=-
[real_action_bridge-4]   age    img=0.03s box=0.03s mot=0.00s grip=0.00s plan=none
[real_action_bridge-4] 
[real_action_bridge-4] [REAL ACTION ARMED] phase=OBSERVE_OBJECT conf=0.35 ok=0
[real_action_bridge-4]   reason no target object pose
[real_action_bridge-4]   state  obj=missing src=missing/none ee=(+0.007,+0.333,+0.159) target=(-0.098,+0.773,+0.009) mode=basket target_label=basket target_src=vision
[real_action_bridge-4]   flags  home=1 grasp=0 in_target=0 drop=0 attempts=0 phase_override=- return_home=0 placed=0
[real_action_bridge-4]   policy skip(missing object pose)
[real_action_bridge-4]   target -
[real_action_bridge-4]   exec   hold: missing object pose stage=IDLE plan=none fail=-
[real_action_bridge-4]   age    img=0.01s box=0.04s mot=0.00s grip=0.00s plan=none
[real_action_bridge-4] 
[real_action_bridge-4] [REAL ACTION ARMED] phase=OBSERVE_OBJECT conf=0.35 ok=0
[real_action_bridge-4]   reason no target object pose
[real_action_bridge-4]   state  obj=missing src=missing/none ee=(+0.007,+0.333,+0.159) target=(-0.099,+0.773,+0.009) mode=basket target_label=basket target_src=vision
[real_action_bridge-4]   flags  home=1 grasp=0 in_target=0 drop=0 attempts=0 phase_override=- return_home=0 placed=0
[real_action_bridge-4]   policy skip(missing object pose)
[real_action_bridge-4]   target -
[real_action_bridge-4]   exec   hold: missing object pose stage=IDLE plan=none fail=-
[real_action_bridge-4]   age    img=0.01s box=0.05s mot=0.00s grip=0.00s plan=none
[real_action_bridge-4] 
[real_action_bridge-4] [REAL ACTION ARMED] phase=OBSERVE_OBJECT conf=0.35 ok=0
[real_action_bridge-4]   reason no target object pose
[real_action_bridge-4]   state  obj=missing src=missing/none ee=(+0.007,+0.333,+0.159) target=(-0.099,+0.773,+0.009) mode=basket target_label=basket target_src=vision
[real_action_bridge-4]   flags  home=1 grasp=0 in_target=0 drop=0 attempts=0 phase_override=- return_home=0 placed=0
[real_action_bridge-4]   policy skip(missing object pose)
[real_action_bridge-4]   target -
[real_action_bridge-4]   exec   hold: missing object pose stage=IDLE plan=none fail=-
[real_action_bridge-4]   age    img=0.02s box=0.05s mot=0.00s grip=0.00s plan=none
[real_action_bridge-4] 
[real_action_bridge-4] [REAL ACTION ARMED] phase=OBSERVE_OBJECT conf=0.35 ok=0
[real_action_bridge-4]   reason no target object pose
[real_action_bridge-4]   state  obj=missing src=missing/none ee=(+0.007,+0.333,+0.159) target=(-0.099,+0.772,+0.009) mode=basket target_label=basket target_src=vision
[real_action_bridge-4]   flags  home=1 grasp=0 in_target=0 drop=0 attempts=0 phase_override=- return_home=0 placed=0
[real_action_bridge-4]   policy skip(missing object pose)
[real_action_bridge-4]   target -
[real_action_bridge-4]   exec   hold: missing object pose stage=IDLE plan=none fail=-
[real_action_bridge-4]   age    img=0.02s box=0.06s mot=0.00s grip=0.00s plan=none
[real_action_bridge-4] 
[real_action_bridge-4] [REAL ACTION ARMED] phase=OBSERVE_OBJECT conf=0.35 ok=0
[real_action_bridge-4]   reason no target object pose
[real_action_bridge-4]   state  obj=missing src=missing/none ee=(+0.007,+0.333,+0.159) target=(-0.099,+0.773,+0.009) mode=basket target_label=basket target_src=vision
[real_action_bridge-4]   flags  home=1 grasp=0 in_target=0 drop=0 attempts=0 phase_override=- return_home=0 placed=0
[real_action_bridge-4]   policy skip(missing object pose)
[real_action_bridge-4]   target -
[real_action_bridge-4]   exec   hold: missing object pose stage=IDLE plan=none fail=-
[real_action_bridge-4]   age    img=0.03s box=0.03s mot=0.00s grip=0.00s plan=none
[real_action_bridge-4] 
[real_action_bridge-4] [REAL ACTION ARMED] phase=OBSERVE_OBJECT conf=0.35 ok=0
[real_action_bridge-4]   reason no target object pose
[real_action_bridge-4]   state  obj=missing src=missing/none ee=(+0.007,+0.333,+0.159) target=(-0.098,+0.772,+0.009) mode=basket target_label=basket target_src=vision
[real_action_bridge-4]   flags  home=1 grasp=0 in_target=0 drop=0 attempts=0 phase_override=- return_home=0 placed=0
[real_action_bridge-4]   policy skip(missing object pose)
[real_action_bridge-4]   target -
[real_action_bridge-4]   exec   hold: missing object pose stage=IDLE plan=none fail=-
[real_action_bridge-4]   age    img=0.04s box=0.04s mot=0.00s grip=0.00s plan=none
[real_action_bridge-4] 
[real_action_bridge-4] [REAL ACTION ARMED] phase=OBSERVE_OBJECT conf=0.35 ok=0
[real_action_bridge-4]   reason no target object pose
[real_action_bridge-4]   state  obj=missing src=missing/none ee=(+0.007,+0.333,+0.159) target=(-0.098,+0.772,+0.009) mode=basket target_label=basket target_src=vision
[real_action_bridge-4]   flags  home=1 grasp=0 in_target=0 drop=0 attempts=0 phase_override=- return_home=0 placed=0
[real_action_bridge-4]   policy skip(missing object pose)
[real_action_bridge-4]   target -
[real_action_bridge-4]   exec   hold: missing object pose stage=IDLE plan=none fail=-
[real_action_bridge-4]   age    img=0.01s box=0.04s mot=0.00s grip=0.00s plan=none
[real_action_bridge-4] 
[real_action_bridge-4] [REAL ACTION ARMED] phase=OBSERVE_OBJECT conf=0.35 ok=0
[real_action_bridge-4]   reason no target object pose
[real_action_bridge-4]   state  obj=missing src=missing/none ee=(+0.007,+0.333,+0.159) target=(-0.099,+0.773,+0.009) mode=basket target_label=basket target_src=vision
[real_action_bridge-4]   flags  home=1 grasp=0 in_target=0 drop=0 attempts=0 phase_override=- return_home=0 placed=0
[real_action_bridge-4]   policy skip(missing object pose)
[real_action_bridge-4]   target -
[real_action_bridge-4]   exec   hold: missing object pose stage=IDLE plan=none fail=-
[real_action_bridge-4]   age    img=0.02s box=0.05s mot=0.00s grip=0.00s plan=none
[real_action_bridge-4] 
[real_action_bridge-4] [STT] 녹음 중... 스페이스바=종료  q=취소
[real_action_bridge-4] 
[real_action_bridge-4] [REAL ACTION ARMED] phase=OBSERVE_OBJECT conf=0.35 ok=0
[real_action_bridge-4]   reason no target object pose
[real_action_bridge-4]   state  obj=missing src=missing/none ee=(+0.007,+0.333,+0.159) target=(-0.097,+0.773,+0.009) mode=basket target_label=basket target_src=vision
[real_action_bridge-4]   flags  home=1 grasp=0 in_target=0 drop=0 attempts=0 phase_override=- return_home=0 placed=0
[real_action_bridge-4]   policy skip(missing object pose)
[real_action_bridge-4]   target -
[real_action_bridge-4]   exec   hold: missing object pose stage=IDLE plan=none fail=-
[real_action_bridge-4]   age    img=0.02s box=0.06s mot=0.00s grip=0.00s plan=none
[real_action_bridge-4] 
[real_action_bridge-4] [REAL ACTION ARMED] phase=OBSERVE_OBJECT conf=0.35 ok=0
[real_action_bridge-4]   reason no target object pose
[real_action_bridge-4]   state  obj=missing src=missing/none ee=(+0.007,+0.333,+0.159) target=(-0.097,+0.772,+0.009) mode=basket target_label=basket target_src=vision
[real_action_bridge-4]   flags  home=1 grasp=0 in_target=0 drop=0 attempts=0 phase_override=- return_home=0 placed=0
[real_action_bridge-4]   policy skip(missing object pose)
[real_action_bridge-4]   target -
[real_action_bridge-4]   exec   hold: missing object pose stage=IDLE plan=none fail=-
[real_action_bridge-4]   age    img=0.03s box=0.06s mot=0.00s grip=0.00s plan=none
[real_action_bridge-4] 
[real_action_bridge-4] [REAL ACTION ARMED] phase=OBSERVE_OBJECT conf=0.35 ok=0
[real_action_bridge-4]   reason no target object pose
[real_action_bridge-4]   state  obj=missing src=missing/none ee=(+0.007,+0.333,+0.159) target=(-0.099,+0.773,+0.009) mode=basket target_label=basket target_src=vision
[real_action_bridge-4]   flags  home=1 grasp=0 in_target=0 drop=0 attempts=0 phase_override=- return_home=0 placed=0
[real_action_bridge-4]   policy skip(missing object pose)
[real_action_bridge-4]   target -
[real_action_bridge-4]   exec   hold: missing object pose stage=IDLE plan=none fail=-
[real_action_bridge-4]   age    img=0.04s box=0.04s mot=0.00s grip=0.00s plan=none
[real_action_bridge-4] 
[real_action_bridge-4] [REAL ACTION ARMED] phase=OBSERVE_OBJECT conf=0.35 ok=0
[real_action_bridge-4]   reason no target object pose
[real_action_bridge-4]   state  obj=missing src=missing/none ee=(+0.007,+0.333,+0.159) target=(-0.097,+0.772,+0.009) mode=basket target_label=basket target_src=vision
[real_action_bridge-4]   flags  home=1 grasp=0 in_target=0 drop=0 attempts=0 phase_override=- return_home=0 placed=0
[real_action_bridge-4]   policy skip(missing object pose)
[real_action_bridge-4]   target -
[real_action_bridge-4]   exec   hold: missing object pose stage=IDLE plan=none fail=-
[real_action_bridge-4]   age    img=0.01s box=0.04s mot=0.00s grip=0.00s plan=none
[real_action_bridge-4] 
[real_action_bridge-4] [REAL ACTION ARMED] phase=OBSERVE_OBJECT conf=0.35 ok=0
[real_action_bridge-4]   reason no target object pose
[real_action_bridge-4]   state  obj=missing src=missing/none ee=(+0.007,+0.333,+0.159) target=(-0.098,+0.773,+0.009) mode=basket target_label=basket target_src=vision
[real_action_bridge-4]   flags  home=1 grasp=0 in_target=0 drop=0 attempts=0 phase_override=- return_home=0 placed=0
[real_action_bridge-4]   policy skip(missing object pose)
[real_action_bridge-4]   target -
[real_action_bridge-4]   exec   hold: missing object pose stage=IDLE plan=none fail=-
[real_action_bridge-4]   age    img=0.02s box=0.05s mot=0.00s grip=0.00s plan=none
[real_action_bridge-4] 
[real_action_bridge-4] [REAL ACTION ARMED] phase=OBSERVE_OBJECT conf=0.35 ok=0
[real_action_bridge-4]   reason no target object pose
[real_action_bridge-4]   state  obj=missing src=missing/none ee=(+0.007,+0.333,+0.159) target=(-0.098,+0.774,+0.009) mode=basket target_label=basket target_src=vision
[real_action_bridge-4]   flags  home=1 grasp=0 in_target=0 drop=0 attempts=0 phase_override=- return_home=0 placed=0
[real_action_bridge-4]   policy skip(missing object pose)
[real_action_bridge-4]   target -
[real_action_bridge-4]   exec   hold: missing object pose stage=IDLE plan=none fail=-
[real_action_bridge-4]   age    img=0.01s box=0.04s mot=0.00s grip=0.00s plan=none
[real_action_bridge-4] 
[real_action_bridge-4] [REAL ACTION ARMED] phase=OBSERVE_OBJECT conf=0.35 ok=0
[real_action_bridge-4]   reason no target object pose
[real_action_bridge-4]   state  obj=missing src=missing/none ee=(+0.007,+0.333,+0.159) target=(-0.098,+0.772,+0.009) mode=basket target_label=basket target_src=vision
[real_action_bridge-4]   flags  home=1 grasp=0 in_target=0 drop=0 attempts=0 phase_override=- return_home=0 placed=0
[real_action_bridge-4]   policy skip(missing object pose)
[real_action_bridge-4]   target -
[real_action_bridge-4]   exec   hold: missing object pose stage=IDLE plan=none fail=-
[real_action_bridge-4]   age    img=0.03s box=0.06s mot=0.00s grip=0.00s plan=none
[real_action_bridge-4] 
[real_action_bridge-4] [REAL ACTION ARMED] phase=OBSERVE_OBJECT conf=0.35 ok=0
[real_action_bridge-4]   reason no target object pose
[real_action_bridge-4]   state  obj=missing src=missing/none ee=(+0.007,+0.333,+0.159) target=(-0.099,+0.773,+0.009) mode=basket target_label=basket target_src=vision
[real_action_bridge-4]   flags  home=1 grasp=0 in_target=0 drop=0 attempts=0 phase_override=- return_home=0 placed=0
[real_action_bridge-4]   policy skip(missing object pose)
[real_action_bridge-4]   target -
[real_action_bridge-4]   exec   hold: missing object pose stage=IDLE plan=none fail=-
[real_action_bridge-4]   age    img=0.03s box=0.03s mot=0.00s grip=0.00s plan=none
[real_action_bridge-4] [STT] 녹음 완료 (3.1초), 음성 인식 중...
[real_action_bridge-4] 
[real_action_bridge-4] [REAL ACTION ARMED] phase=OBSERVE_OBJECT conf=0.35 ok=0
[real_action_bridge-4]   reason no target object pose
[real_action_bridge-4]   state  obj=missing src=missing/none ee=(+0.007,+0.333,+0.159) target=(-0.098,+0.772,+0.009) mode=basket target_label=basket target_src=vision
[real_action_bridge-4]   flags  home=1 grasp=0 in_target=0 drop=0 attempts=0 phase_override=- return_home=0 placed=0
[real_action_bridge-4]   policy skip(missing object pose)
[real_action_bridge-4]   target -
[real_action_bridge-4]   exec   hold: missing object pose stage=IDLE plan=none fail=-
[real_action_bridge-4]   age    img=0.20s box=0.20s mot=0.00s grip=0.00s plan=none
[real_action_bridge-4] 
[real_action_bridge-4] [REAL ACTION ARMED] phase=OBSERVE_OBJECT conf=0.35 ok=0
[real_action_bridge-4]   reason no target object pose
[real_action_bridge-4]   state  obj=missing src=missing/none ee=(+0.007,+0.333,+0.159) target=(-0.099,+0.773,+0.009) mode=basket target_label=basket target_src=vision
[real_action_bridge-4]   flags  home=1 grasp=0 in_target=0 drop=0 attempts=0 phase_override=- return_home=0 placed=0
[real_action_bridge-4]   policy skip(missing object pose)
[real_action_bridge-4]   target -
[real_action_bridge-4]   exec   hold: missing object pose stage=IDLE plan=none fail=-
[real_action_bridge-4]   age    img=0.02s box=0.06s mot=0.00s grip=0.00s plan=none
[real_action_bridge-4] 
[real_action_bridge-4] [REAL ACTION ARMED] phase=OBSERVE_OBJECT conf=0.35 ok=0
[real_action_bridge-4]   reason no target object pose
[real_action_bridge-4]   state  obj=missing src=missing/none ee=(+0.007,+0.333,+0.159) target=(-0.098,+0.772,+0.009) mode=basket target_label=basket target_src=vision
[real_action_bridge-4]   flags  home=1 grasp=0 in_target=0 drop=0 attempts=0 phase_override=- return_home=0 placed=0
[real_action_bridge-4]   policy skip(missing object pose)
[real_action_bridge-4]   target -
[real_action_bridge-4]   exec   hold: missing object pose stage=IDLE plan=none fail=-
[real_action_bridge-4]   age    img=0.03s box=0.07s mot=0.00s grip=0.00s plan=none
[real_action_bridge-4] 
[real_action_bridge-4] [REAL ACTION ARMED] phase=OBSERVE_OBJECT conf=0.35 ok=0
[real_action_bridge-4]   reason no target object pose
[real_action_bridge-4]   state  obj=missing src=missing/none ee=(+0.007,+0.333,+0.159) target=(-0.098,+0.773,+0.009) mode=basket target_label=basket target_src=vision
[real_action_bridge-4]   flags  home=1 grasp=0 in_target=0 drop=0 attempts=0 phase_override=- return_home=0 placed=0
[real_action_bridge-4]   policy skip(missing object pose)
[real_action_bridge-4]   target -
[real_action_bridge-4]   exec   hold: missing object pose stage=IDLE plan=none fail=-
[real_action_bridge-4]   age    img=0.03s box=0.08s mot=0.00s grip=0.00s plan=none
[real_action_bridge-4] 
[real_action_bridge-4] [REAL ACTION ARMED] phase=OBSERVE_OBJECT conf=0.35 ok=0
[real_action_bridge-4]   reason no target object pose
[real_action_bridge-4]   state  obj=missing src=missing/none ee=(+0.007,+0.333,+0.159) target=(-0.097,+0.772,+0.009) mode=basket target_label=basket target_src=vision
[real_action_bridge-4]   flags  home=1 grasp=0 in_target=0 drop=0 attempts=0 phase_override=- return_home=0 placed=0
[real_action_bridge-4]   policy skip(missing object pose)
[real_action_bridge-4]   target -
[real_action_bridge-4]   exec   hold: missing object pose stage=IDLE plan=none fail=-
[real_action_bridge-4]   age    img=0.02s box=0.06s mot=0.00s grip=0.00s plan=none
[real_action_bridge-4] 
[real_action_bridge-4] [REAL ACTION ARMED] phase=OBSERVE_OBJECT conf=0.35 ok=0
[real_action_bridge-4]   reason no target object pose
[real_action_bridge-4]   state  obj=missing src=missing/none ee=(+0.007,+0.333,+0.159) target=(-0.098,+0.775,+0.009) mode=basket target_label=basket target_src=vision
[real_action_bridge-4]   flags  home=1 grasp=0 in_target=0 drop=0 attempts=0 phase_override=- return_home=0 placed=0
[real_action_bridge-4]   policy skip(missing object pose)
[real_action_bridge-4]   target -
[real_action_bridge-4]   exec   hold: missing object pose stage=IDLE plan=none fail=-
[real_action_bridge-4]   age    img=0.01s box=0.07s mot=0.00s grip=0.00s plan=none
[real_action_bridge-4] [STT] 인식: '파란색, 박스, 블록, 바구니입니다.'
[real_action_bridge-4] [STT] 파싱 실패: '파란색, 박스, 블록, 바구니입니다.'
[real_action_bridge-4] 
[real_action_bridge-4] [STT] 대기 중... 스페이스바=녹음 시작  q=종료
[real_action_bridge-4] 
[real_action_bridge-4] [REAL ACTION ARMED] phase=OBSERVE_OBJECT conf=0.35 ok=0
[real_action_bridge-4]   reason no target object pose
[real_action_bridge-4]   state  obj=missing src=missing/none ee=(+0.007,+0.333,+0.159) target=(-0.099,+0.774,+0.009) mode=basket target_label=basket target_src=vision
[real_action_bridge-4]   flags  home=1 grasp=0 in_target=0 drop=0 attempts=0 phase_override=- return_home=0 placed=0
[real_action_bridge-4]   policy skip(missing object pose)
[real_action_bridge-4]   target -
[real_action_bridge-4]   exec   hold: missing object pose stage=IDLE plan=none fail=-
[real_action_bridge-4]   age    img=0.02s box=0.05s mot=0.00s grip=0.00s plan=none
[real_action_bridge-4] 
[real_action_bridge-4] [REAL ACTION ARMED] phase=OBSERVE_OBJECT conf=0.35 ok=0
[real_action_bridge-4]   reason no target object pose
[real_action_bridge-4]   state  obj=missing src=missing/none ee=(+0.007,+0.333,+0.159) target=(-0.097,+0.774,+0.009) mode=basket target_label=basket target_src=vision
[real_action_bridge-4]   flags  home=1 grasp=0 in_target=0 drop=0 attempts=0 phase_override=- return_home=0 placed=0
[real_action_bridge-4]   policy skip(missing object pose)
[real_action_bridge-4]   target -
[real_action_bridge-4]   exec   hold: missing object pose stage=IDLE plan=none fail=-
[real_action_bridge-4]   age    img=0.02s box=0.05s mot=0.00s grip=0.00s plan=none
[real_action_bridge-4] 
[real_action_bridge-4] [REAL ACTION ARMED] phase=OBSERVE_OBJECT conf=0.35 ok=0
[real_action_bridge-4]   reason no target object pose
[real_action_bridge-4]   state  obj=missing src=missing/none ee=(+0.007,+0.333,+0.159) target=(-0.099,+0.772,+0.009) mode=basket target_label=basket target_src=vision
[real_action_bridge-4]   flags  home=1 grasp=0 in_target=0 drop=0 attempts=0 phase_override=- return_home=0 placed=0
[real_action_bridge-4]   policy skip(missing object pose)
[real_action_bridge-4]   target -
[real_action_bridge-4]   exec   hold: missing object pose stage=IDLE plan=none fail=-
[real_action_bridge-4]   age    img=0.03s box=0.06s mot=0.00s grip=0.00s plan=none
[real_action_bridge-4] 
[real_action_bridge-4] [REAL ACTION ARMED] phase=OBSERVE_OBJECT conf=0.35 ok=0
[real_action_bridge-4]   reason no target object pose
[real_action_bridge-4]   state  obj=missing src=missing/none ee=(+0.007,+0.333,+0.159) target=(-0.098,+0.774,+0.009) mode=basket target_label=basket target_src=vision
[real_action_bridge-4]   flags  home=1 grasp=0 in_target=0 drop=0 attempts=0 phase_override=- return_home=0 placed=0
[real_action_bridge-4]   policy skip(missing object pose)
[real_action_bridge-4]   target -
[real_action_bridge-4]   exec   hold: missing object pose stage=IDLE plan=none fail=-
[real_action_bridge-4]   age    img=0.03s box=0.03s mot=0.00s grip=0.00s plan=none
[real_action_bridge-4] 
[real_action_bridge-4] [REAL ACTION ARMED] phase=OBSERVE_OBJECT conf=0.35 ok=0
[real_action_bridge-4]   reason no target object pose
[real_action_bridge-4]   state  obj=missing src=missing/none ee=(+0.007,+0.333,+0.159) target=(-0.098,+0.773,+0.009) mode=basket target_label=basket target_src=vision
[real_action_bridge-4]   flags  home=1 grasp=0 in_target=0 drop=0 attempts=0 phase_override=- return_home=0 placed=0
[real_action_bridge-4]   policy skip(missing object pose)
[real_action_bridge-4]   target -
[real_action_bridge-4]   exec   hold: missing object pose stage=IDLE plan=none fail=-
[real_action_bridge-4]   age    img=0.24s box=0.27s mot=0.01s grip=0.01s plan=none
[real_action_bridge-4] 
[real_action_bridge-4] [REAL ACTION ARMED] phase=OBSERVE_OBJECT conf=0.35 ok=0
[real_action_bridge-4]   reason no target object pose
[real_action_bridge-4]   state  obj=missing src=missing/none ee=(+0.007,+0.333,+0.159) target=(-0.098,+0.773,+0.009) mode=basket target_label=basket target_src=vision
[real_action_bridge-4]   flags  home=1 grasp=0 in_target=0 drop=0 attempts=0 phase_override=- return_home=0 placed=0
[real_action_bridge-4]   policy skip(missing object pose)
[real_action_bridge-4]   target -
[real_action_bridge-4]   exec   hold: missing object pose stage=IDLE plan=none fail=-
[real_action_bridge-4]   age    img=0.74s box=0.77s mot=0.01s grip=0.00s plan=none
[real_action_bridge-4] 
[real_action_bridge-4] [REAL ACTION ARMED] phase=OBSERVE_OBJECT conf=0.35 ok=0
[real_action_bridge-4]   reason no target object pose
[real_action_bridge-4]   state  obj=missing src=missing/none ee=(+0.007,+0.333,+0.159) target=(-0.098,+0.773,+0.009) mode=basket target_label=basket target_src=vision
[real_action_bridge-4]   flags  home=1 grasp=0 in_target=0 drop=0 attempts=0 phase_override=- return_home=0 placed=0
[real_action_bridge-4]   policy skip(missing object pose)
[real_action_bridge-4]   target -
[real_action_bridge-4]   exec   hold: missing object pose stage=IDLE plan=none fail=-
[real_action_bridge-4]   age    img=1.24s box=1.28s mot=0.01s grip=0.01s plan=none
[real_action_bridge-4] 
[real_action_bridge-4] [STT] 녹음 중... 스페이스바=종료  q=취소
[real_action_bridge-4] 
[real_action_bridge-4] [REAL ACTION ARMED] phase=OBSERVE_OBJECT conf=0.35 ok=0
[real_action_bridge-4]   reason no target object pose
[real_action_bridge-4]   state  obj=missing src=missing/none ee=(+0.007,+0.333,+0.159) target=(-0.098,+0.773,+0.009) mode=basket target_label=basket target_src=vision
[real_action_bridge-4]   flags  home=1 grasp=0 in_target=0 drop=0 attempts=0 phase_override=- return_home=0 placed=0
[real_action_bridge-4]   policy skip(missing object pose)
[real_action_bridge-4]   target -
[real_action_bridge-4]   exec   hold: missing object pose stage=IDLE plan=none fail=-
[real_action_bridge-4]   age    img=1.74s box=1.74s mot=0.01s grip=0.01s plan=none
[real_action_bridge-4] 
[real_action_bridge-4] [REAL ACTION ARMED] phase=OBSERVE_OBJECT conf=0.35 ok=0
[real_action_bridge-4]   reason no target object pose
[real_action_bridge-4]   state  obj=missing src=missing/none ee=(+0.007,+0.333,+0.159) target=(-0.098,+0.773,+0.009) mode=basket target_label=basket target_src=vision
[real_action_bridge-4]   flags  home=1 grasp=0 in_target=0 drop=0 attempts=0 phase_override=- return_home=0 placed=0
[real_action_bridge-4]   policy skip(missing object pose)
[real_action_bridge-4]   target -
[real_action_bridge-4]   exec   hold: missing object pose stage=IDLE plan=none fail=-
[real_action_bridge-4]   age    img=0.53s box=2.24s mot=0.01s grip=0.01s plan=none
[real_action_bridge-4] 
[real_action_bridge-4] [REAL ACTION ARMED] phase=OBSERVE_OBJECT conf=0.35 ok=0
[real_action_bridge-4]   reason no target object pose
[real_action_bridge-4]   state  obj=missing src=missing/none ee=(+0.007,+0.333,+0.159) target=(-0.098,+0.773,+0.009) mode=basket target_label=basket target_src=vision
[real_action_bridge-4]   flags  home=1 grasp=0 in_target=0 drop=0 attempts=0 phase_override=- return_home=0 placed=0
[real_action_bridge-4]   policy skip(missing object pose)
[real_action_bridge-4]   target -
[real_action_bridge-4]   exec   hold: missing object pose stage=IDLE plan=none fail=-
[real_action_bridge-4]   age    img=1.03s box=2.74s mot=0.01s grip=0.00s plan=none
[real_action_bridge-4] 
[real_action_bridge-4] [REAL ACTION ARMED] phase=OBSERVE_OBJECT conf=0.35 ok=0
[real_action_bridge-4]   reason no target object pose
[real_action_bridge-4]   state  obj=missing src=missing/none ee=(+0.007,+0.333,+0.159) target=(-0.098,+0.773,+0.009) mode=basket target_label=basket target_src=vision
[real_action_bridge-4]   flags  home=1 grasp=0 in_target=0 drop=0 attempts=0 phase_override=- return_home=0 placed=0
[real_action_bridge-4]   policy skip(missing object pose)
[real_action_bridge-4]   target -
[real_action_bridge-4]   exec   hold: missing object pose stage=IDLE plan=none fail=-
[real_action_bridge-4]   age    img=1.53s box=3.24s mot=0.01s grip=0.01s plan=none
[real_action_bridge-4] 
[real_action_bridge-4] [REAL ACTION ARMED] phase=OBSERVE_OBJECT conf=0.35 ok=0
[real_action_bridge-4]   reason no target object pose
[real_action_bridge-4]   state  obj=missing src=missing/none ee=(+0.007,+0.333,+0.159) target=(-0.098,+0.773,+0.009) mode=basket target_label=basket target_src=vision
[real_action_bridge-4]   flags  home=1 grasp=0 in_target=0 drop=0 attempts=0 phase_override=- return_home=0 placed=0
[real_action_bridge-4]   policy skip(missing object pose)
[real_action_bridge-4]   target -
[real_action_bridge-4]   exec   hold: missing object pose stage=IDLE plan=none fail=-
[real_action_bridge-4]   age    img=2.03s box=2.03s mot=0.01s grip=0.00s plan=none
[real_action_bridge-4] 
[real_action_bridge-4] [REAL ACTION ARMED] phase=OBSERVE_OBJECT conf=0.35 ok=0
[real_action_bridge-4]   reason no target object pose
[real_action_bridge-4]   state  obj=missing src=missing/none ee=(+0.007,+0.333,+0.159) target=(-0.098,+0.773,+0.009) mode=basket target_label=basket target_src=vision
[real_action_bridge-4]   flags  home=1 grasp=0 in_target=0 drop=0 attempts=0 phase_override=- return_home=0 placed=0
[real_action_bridge-4]   policy skip(missing object pose)
[real_action_bridge-4]   target -
[real_action_bridge-4]   exec   hold: missing object pose stage=IDLE plan=none fail=-
[real_action_bridge-4]   age    img=0.48s box=2.53s mot=0.01s grip=0.01s plan=none
[real_action_bridge-4] 
[real_action_bridge-4] [REAL ACTION ARMED] phase=OBSERVE_OBJECT conf=0.35 ok=0
[real_action_bridge-4]   reason no target object pose
[real_action_bridge-4]   state  obj=missing src=missing/none ee=(+0.007,+0.333,+0.159) target=(-0.098,+0.773,+0.009) mode=basket target_label=basket target_src=vision
[real_action_bridge-4]   flags  home=1 grasp=0 in_target=0 drop=0 attempts=0 phase_override=- return_home=0 placed=0
[real_action_bridge-4]   policy skip(missing object pose)
[real_action_bridge-4]   target -
[real_action_bridge-4]   exec   hold: missing object pose stage=IDLE plan=none fail=-
[real_action_bridge-4]   age    img=0.99s box=3.04s mot=0.01s grip=0.01s plan=none
[real_action_bridge-4] 
[real_action_bridge-4] [REAL ACTION ARMED] phase=OBSERVE_OBJECT conf=0.35 ok=0
[real_action_bridge-4]   reason no target object pose
[real_action_bridge-4]   state  obj=missing src=missing/none ee=(+0.007,+0.333,+0.159) target=(-0.098,+0.774,+0.009) mode=basket target_label=basket target_src=vision
[real_action_bridge-4]   flags  home=1 grasp=0 in_target=0 drop=0 attempts=0 phase_override=- return_home=0 placed=0
[real_action_bridge-4]   policy skip(missing object pose)
[real_action_bridge-4]   target -
[real_action_bridge-4]   exec   hold: missing object pose stage=IDLE plan=none fail=-
[real_action_bridge-4]   age    img=0.02s box=1.48s mot=0.00s grip=0.00s plan=none
[real_action_bridge-4] [STT] 녹음 완료 (3.3초), 음성 인식 중...
[real_action_bridge-4] 
[real_action_bridge-4] [REAL ACTION ARMED] phase=OBSERVE_OBJECT conf=0.35 ok=0
[real_action_bridge-4]   reason no target object pose
[real_action_bridge-4]   state  obj=missing src=missing/none ee=(+0.007,+0.333,+0.159) target=(-0.098,+0.773,+0.009) mode=basket target_label=basket target_src=vision
[real_action_bridge-4]   flags  home=1 grasp=0 in_target=0 drop=0 attempts=0 phase_override=- return_home=0 placed=0
[real_action_bridge-4]   policy skip(missing object pose)
[real_action_bridge-4]   target -
[real_action_bridge-4]   exec   hold: missing object pose stage=IDLE plan=none fail=-
[real_action_bridge-4]   age    img=0.19s box=0.21s mot=0.16s grip=0.00s plan=none
[real_action_bridge-4] 
[real_action_bridge-4] [REAL ACTION ARMED] phase=OBSERVE_OBJECT conf=0.35 ok=0
[real_action_bridge-4]   reason no target object pose
[real_action_bridge-4]   state  obj=missing src=missing/none ee=(+0.007,+0.333,+0.159) target=(-0.098,+0.772,+0.009) mode=basket target_label=basket target_src=vision
[real_action_bridge-4]   flags  home=1 grasp=0 in_target=0 drop=0 attempts=0 phase_override=- return_home=0 placed=0
[real_action_bridge-4]   policy skip(missing object pose)
[real_action_bridge-4]   target -
[real_action_bridge-4]   exec   hold: missing object pose stage=IDLE plan=none fail=-
[real_action_bridge-4]   age    img=0.01s box=0.06s mot=0.00s grip=0.00s plan=none
[real_action_bridge-4] 
[real_action_bridge-4] [REAL ACTION ARMED] phase=OBSERVE_OBJECT conf=0.35 ok=0
[real_action_bridge-4]   reason no target object pose
[real_action_bridge-4]   state  obj=missing src=missing/none ee=(+0.007,+0.333,+0.159) target=(-0.099,+0.773,+0.009) mode=basket target_label=basket target_src=vision
[real_action_bridge-4]   flags  home=1 grasp=0 in_target=0 drop=0 attempts=0 phase_override=- return_home=0 placed=0
[real_action_bridge-4]   policy skip(missing object pose)
[real_action_bridge-4]   target -
[real_action_bridge-4]   exec   hold: missing object pose stage=IDLE plan=none fail=-
[real_action_bridge-4]   age    img=0.02s box=0.06s mot=0.00s grip=0.00s plan=none
[real_action_bridge-4] 
[real_action_bridge-4] [REAL ACTION ARMED] phase=OBSERVE_OBJECT conf=0.35 ok=0
[real_action_bridge-4]   reason no target object pose
[real_action_bridge-4]   state  obj=missing src=missing/none ee=(+0.007,+0.333,+0.159) target=(-0.097,+0.773,+0.009) mode=basket target_label=basket target_src=vision
[real_action_bridge-4]   flags  home=1 grasp=0 in_target=0 drop=0 attempts=0 phase_override=- return_home=0 placed=0
[real_action_bridge-4]   policy skip(missing object pose)
[real_action_bridge-4]   target -
[real_action_bridge-4]   exec   hold: missing object pose stage=IDLE plan=none fail=-
[real_action_bridge-4]   age    img=0.03s box=0.07s mot=0.00s grip=0.00s plan=none
[real_action_bridge-4] 
[real_action_bridge-4] [REAL ACTION ARMED] phase=OBSERVE_OBJECT conf=0.35 ok=0
[real_action_bridge-4]   reason no target object pose
[real_action_bridge-4]   state  obj=missing src=missing/none ee=(+0.007,+0.333,+0.159) target=(-0.099,+0.772,+0.009) mode=basket target_label=basket target_src=vision
[real_action_bridge-4]   flags  home=1 grasp=0 in_target=0 drop=0 attempts=0 phase_override=- return_home=0 placed=0
[real_action_bridge-4]   policy skip(missing object pose)
[real_action_bridge-4]   target -
[real_action_bridge-4]   exec   hold: missing object pose stage=IDLE plan=none fail=-
[real_action_bridge-4]   age    img=0.02s box=0.07s mot=0.00s grip=0.00s plan=none
[real_action_bridge-4] 
[real_action_bridge-4] [REAL ACTION ARMED] phase=OBSERVE_OBJECT conf=0.35 ok=0
[real_action_bridge-4]   reason no target object pose
[real_action_bridge-4]   state  obj=missing src=missing/none ee=(+0.007,+0.333,+0.159) target=(-0.099,+0.772,+0.009) mode=basket target_label=basket target_src=vision
[real_action_bridge-4]   flags  home=1 grasp=0 in_target=0 drop=0 attempts=0 phase_override=- return_home=0 placed=0
[real_action_bridge-4]   policy skip(missing object pose)
[real_action_bridge-4]   target -
[real_action_bridge-4]   exec   hold: missing object pose stage=IDLE plan=none fail=-
[real_action_bridge-4]   age    img=0.05s box=0.05s mot=0.00s grip=0.00s plan=none
[real_action_bridge-4] [STT] 인식: '빨간색, 블록을 바구니에 넣어.'
[real_action_bridge-4] [0m[INFO] [1782895526.213830842] [ppo_action_bridge]: [stt_grounding] text='빨간색, 블록을 바구니에 넣어.' color=red obj=(0.084,0.580) tgt=(-0.098,0.773) task=pick_place[0m
[real_action_bridge-4] 
[real_action_bridge-4] [STT] 대기 중... 스페이스바=녹음 시작  q=종료
[real_action_bridge-4] [33m[WARN] [1782895526.668917088] [ppo_action_bridge]: ARMED publish /ee_target command=MOVE_TO_PREGRASP xyz=(+0.057,+0.560,+0.300) yaw=32.6deg line=False note=object pregrasp[0m
[real_action_bridge-4] 
[real_action_bridge-4] [REAL ACTION ARMED] phase=OBSERVE_OBJECT conf=0.75 ok=1
[real_action_bridge-4]   reason object visible and not grasped
[real_action_bridge-4]   state  obj=(+0.082,+0.581,+0.009) src=vision/0.05s ee=(+0.007,+0.333,+0.159) target=(-0.099,+0.773,+0.009) mode=basket target_label=basket target_src=vision
[real_action_bridge-4]   flags  home=1 grasp=0 in_target=0 drop=0 attempts=0 phase_override=- return_home=0 placed=0
[real_action_bridge-4]   policy ppo=MOVE_TO_PREGRASP prior=MOVE_TO_PREGRASP raw=MOVE_TO_PREGRASP exec=MOVE_TO_PREGRASP blocked=0 grip=open dxyz=(-0.025,-0.021,-0.040)
[real_action_bridge-4]   target MOVE_TO_PREGRASP xyz=(+0.057,+0.560,+0.300) yaw=+32.6(object) line=0 after=-
[real_action_bridge-4]   exec   object pregrasp stage=WAIT_PLAN plan=none fail=-
[real_action_bridge-4]   age    img=0.13s box=0.13s mot=0.11s grip=0.11s plan=none
[plan_compute_node-1] [INFO] [1782895526.668966470] [plan_compute_node]: planning [1]: xyz=[0.0565023347735405, 0.5596967339515686, 0.30000001192092896] yaw=+32.6°
[real_action_bridge-4] 
[real_action_bridge-4] [REAL ACTION ARMED] phase=OBSERVE_OBJECT conf=0.75 ok=0
[real_action_bridge-4]   reason object visible and not grasped
[real_action_bridge-4]   state  obj=(+0.081,+0.580,+0.009) src=vision/0.04s ee=(+0.007,+0.333,+0.159) target=(-0.098,+0.773,+0.009) mode=basket target_label=basket target_src=vision
[real_action_bridge-4]   flags  home=1 grasp=0 in_target=0 drop=0 attempts=0 phase_override=- return_home=0 placed=0
[real_action_bridge-4]   policy ppo=MOVE_TO_PREGRASP prior=MOVE_TO_PREGRASP raw=MOVE_TO_PREGRASP exec=MOVE_TO_PREGRASP blocked=0 grip=open dxyz=(-0.025,-0.021,-0.040)
[real_action_bridge-4]   target MOVE_TO_PREGRASP xyz=(+0.057,+0.560,+0.300) err=0.271m tol=0.070 after=-
[real_action_bridge-4]   exec   inflight: MOVE_TO_PREGRASP/WAIT_PLAN stage=WAIT_PLAN plan=PLANNING fail=-
[real_action_bridge-4]   age    img=0.01s box=0.04s mot=0.00s grip=0.00s plan=0.39s
[real_action_bridge-4] 
[real_action_bridge-4] [REAL ACTION ARMED] phase=OBSERVE_OBJECT conf=0.75 ok=0
[real_action_bridge-4]   reason object visible and not grasped
[real_action_bridge-4]   state  obj=(+0.082,+0.580,+0.009) src=vision/0.02s ee=(+0.007,+0.333,+0.159) target=(-0.097,+0.773,+0.009) mode=basket target_label=basket target_src=vision
[real_action_bridge-4]   flags  home=1 grasp=0 in_target=0 drop=0 attempts=0 phase_override=- return_home=0 placed=0
[real_action_bridge-4]   policy ppo=MOVE_TO_PREGRASP prior=MOVE_TO_PREGRASP raw=MOVE_TO_PREGRASP exec=MOVE_TO_PREGRASP blocked=0 grip=open dxyz=(-0.025,-0.021,-0.040)
[real_action_bridge-4]   target MOVE_TO_PREGRASP xyz=(+0.057,+0.560,+0.300) err=0.271m tol=0.070 after=-
[real_action_bridge-4]   exec   inflight: MOVE_TO_PREGRASP/WAIT_PLAN stage=WAIT_PLAN plan=PLANNING fail=-
[real_action_bridge-4]   age    img=0.03s box=0.03s mot=0.00s grip=0.00s plan=0.89s
[plan_compute_node-1] [INFO] [1782895527.707942168] [plan_compute_node]: [1] plan ready: duration=4.08s timing(total=1.022s ik=0.345s build=0.000s collision=0.672s cost=0.003s checked=2 safe=2 cand=1/2 j6_dq=0.377rad)
[plan_node-2] [INFO] [1782895527.708891165] [plan_node]: [1] plan received: duration=4.08s
[plan_node-2] [INFO] [1782895527.720270986] [plan_node]: ================================================================
[plan_node-2] [INFO] [1782895527.720638280] [plan_node]: [target 1] xyz=[0.0565023347735405, 0.5596967339515686, 0.30000001192092896] yaw=+32.6° duration=4.08s
[plan_node-2] [INFO] [1782895527.721038355] [plan_node]: plan committed: xyz=[0.0565023347735405, 0.5596967339515686, 0.30000001192092896] yaw=+32.6° duration=4.08s drift=0.0004rad
[real_action_bridge-4] 
[real_action_bridge-4] [REAL ACTION ARMED] phase=OBSERVE_OBJECT conf=0.75 ok=0
[real_action_bridge-4]   reason object visible and not grasped
[real_action_bridge-4]   state  obj=(+0.081,+0.580,+0.009) src=vision/0.03s ee=(+0.006,+0.333,+0.159) target=(-0.099,+0.772,+0.009) mode=basket target_label=basket target_src=vision
[real_action_bridge-4]   flags  home=1 grasp=0 in_target=0 drop=0 attempts=0 phase_override=- return_home=0 placed=0
[real_action_bridge-4]   policy ppo=MOVE_TO_PREGRASP prior=MOVE_TO_PREGRASP raw=MOVE_TO_PREGRASP exec=MOVE_TO_PREGRASP blocked=0 grip=open dxyz=(-0.025,-0.021,-0.040)
[real_action_bridge-4]   target MOVE_TO_PREGRASP xyz=(+0.057,+0.560,+0.300) err=0.271m tol=0.070 after=-
[real_action_bridge-4]   exec   inflight: MOVE_TO_PREGRASP/WAIT_PLAN stage=WAIT_PLAN plan=EXECUTING fail=-
[real_action_bridge-4]   age    img=0.03s box=0.03s mot=0.00s grip=0.00s plan=0.34s
[real_action_bridge-4] 
[real_action_bridge-4] [REAL ACTION ARMED] phase=OBSERVE_OBJECT conf=0.75 ok=0
[real_action_bridge-4]   reason object visible and not grasped
[real_action_bridge-4]   state  obj=(+0.084,+0.579,+0.009) src=vision/0.04s ee=(+0.007,+0.334,+0.159) target=(-0.099,+0.772,+0.009) mode=basket target_label=basket target_src=vision
[real_action_bridge-4]   flags  home=1 grasp=0 in_target=0 drop=0 attempts=0 phase_override=- return_home=0 placed=0
[real_action_bridge-4]   policy ppo=MOVE_TO_PREGRASP prior=MOVE_TO_PREGRASP raw=MOVE_TO_PREGRASP exec=MOVE_TO_PREGRASP blocked=0 grip=open dxyz=(-0.025,-0.021,-0.040)
[real_action_bridge-4]   target MOVE_TO_PREGRASP xyz=(+0.057,+0.560,+0.300) err=0.270m tol=0.070 after=-
[real_action_bridge-4]   exec   inflight: MOVE_TO_PREGRASP/WAIT_PLAN stage=WAIT_PLAN plan=EXECUTING fail=-
[real_action_bridge-4]   age    img=0.01s box=0.04s mot=0.00s grip=0.00s plan=0.84s
[real_action_bridge-4] 
[real_action_bridge-4] [REAL ACTION ARMED] phase=OBSERVE_OBJECT conf=0.75 ok=0
[real_action_bridge-4]   reason object visible and not grasped
[real_action_bridge-4]   state  obj=(+0.088,+0.582,+0.009) src=vision/0.04s ee=(+0.008,+0.340,+0.161) target=(-0.098,+0.772,+0.009) mode=basket target_label=basket target_src=vision
[real_action_bridge-4]   flags  home=0 grasp=0 in_target=0 drop=0 attempts=0 phase_override=- return_home=0 placed=0
[real_action_bridge-4]   policy ppo=MOVE_TO_PREGRASP prior=MOVE_TO_PREGRASP raw=MOVE_TO_PREGRASP exec=MOVE_TO_PREGRASP blocked=0 grip=open dxyz=(-0.025,-0.021,-0.040)
[real_action_bridge-4]   target MOVE_TO_PREGRASP xyz=(+0.057,+0.560,+0.300) err=0.265m tol=0.070 after=-
[real_action_bridge-4]   exec   inflight: MOVE_TO_PREGRASP/WAIT_PLAN stage=WAIT_PLAN plan=EXECUTING fail=-
[real_action_bridge-4]   age    img=0.02s box=0.05s mot=0.00s grip=0.01s plan=1.34s
[real_action_bridge-4] 
[real_action_bridge-4] [REAL ACTION ARMED] phase=OBSERVE_OBJECT conf=0.75 ok=0
[real_action_bridge-4]   reason object visible and not grasped
[real_action_bridge-4]   state  obj=(+0.085,+0.574,+0.009) src=vision/0.05s ee=(+0.002,+0.360,+0.162) target=(-0.097,+0.771,+0.009) mode=basket target_label=basket target_src=vision
[real_action_bridge-4]   flags  home=0 grasp=0 in_target=0 drop=0 attempts=0 phase_override=- return_home=0 placed=0
[real_action_bridge-4]   policy ppo=MOVE_TO_PREGRASP prior=MOVE_TO_PREGRASP raw=MOVE_TO_PREGRASP exec=MOVE_TO_PREGRASP blocked=0 grip=open dxyz=(-0.025,-0.021,-0.040)
[real_action_bridge-4]   target MOVE_TO_PREGRASP xyz=(+0.057,+0.560,+0.300) err=0.249m tol=0.070 after=-
[real_action_bridge-4]   exec   inflight: MOVE_TO_PREGRASP/WAIT_PLAN stage=WAIT_PLAN plan=EXECUTING fail=-
[real_action_bridge-4]   age    img=0.02s box=0.06s mot=0.00s grip=0.00s plan=1.84s
[real_action_bridge-4] 
[real_action_bridge-4] [REAL ACTION ARMED] phase=OBSERVE_OBJECT conf=0.75 ok=0
[real_action_bridge-4]   reason object visible and not grasped
[real_action_bridge-4]   state  obj=(+0.084,+0.580,+0.009) src=vision/0.06s ee=(-0.004,+0.415,+0.184) target=(-0.099,+0.772,+0.009) mode=basket target_label=basket target_src=vision
[real_action_bridge-4]   flags  home=0 grasp=0 in_target=0 drop=0 attempts=0 phase_override=- return_home=0 placed=0
[real_action_bridge-4]   policy ppo=MOVE_TO_PREGRASP prior=MOVE_TO_PREGRASP raw=MOVE_TO_PREGRASP exec=MOVE_TO_PREGRASP blocked=0 grip=open dxyz=(-0.025,-0.021,-0.040)
[real_action_bridge-4]   target MOVE_TO_PREGRASP xyz=(+0.057,+0.560,+0.300) err=0.195m tol=0.070 after=-
[real_action_bridge-4]   exec   inflight: MOVE_TO_PREGRASP/WAIT_PLAN stage=WAIT_PLAN plan=EXECUTING fail=-
[real_action_bridge-4]   age    img=0.03s box=0.03s mot=0.00s grip=0.00s plan=2.34s
[real_action_bridge-4] 
[real_action_bridge-4] [REAL ACTION ARMED] phase=OBSERVE_OBJECT conf=0.75 ok=0
[real_action_bridge-4]   reason object visible and not grasped
[real_action_bridge-4]   state  obj=(+0.072,+0.571,+0.009) src=vision/0.03s ee=(+0.009,+0.486,+0.236) target=(-0.098,+0.772,+0.009) mode=basket target_label=basket target_src=vision
[real_action_bridge-4]   flags  home=0 grasp=0 in_target=0 drop=0 attempts=0 phase_override=- return_home=0 placed=0
[real_action_bridge-4]   policy ppo=MOVE_TO_PREGRASP prior=MOVE_TO_PREGRASP raw=MOVE_TO_PREGRASP exec=MOVE_TO_PREGRASP blocked=0 grip=open dxyz=(-0.025,-0.021,-0.040)
[real_action_bridge-4]   target MOVE_TO_PREGRASP xyz=(+0.057,+0.560,+0.300) err=0.108m tol=0.070 after=-
[real_action_bridge-4]   exec   inflight: MOVE_TO_PREGRASP/WAIT_PLAN stage=WAIT_PLAN plan=EXECUTING fail=-
[real_action_bridge-4]   age    img=0.03s box=0.03s mot=0.00s grip=0.00s plan=2.84s
[real_action_bridge-4] 
[real_action_bridge-4] [REAL ACTION ARMED] phase=OBSERVE_OBJECT conf=0.75 ok=0
[real_action_bridge-4]   reason object visible and not grasped
[real_action_bridge-4]   state  obj=(+0.080,+0.415,+0.009) src=vision/0.18s ee=(+0.042,+0.537,+0.285) target=(-0.096,+0.773,+0.009) mode=basket target_label=basket target_src=vision
[real_action_bridge-4]   flags  home=0 grasp=0 in_target=0 drop=0 attempts=0 phase_override=- return_home=0 placed=0
[real_action_bridge-4]   policy ppo=MOVE_TO_PREGRASP prior=MOVE_TO_PREGRASP raw=MOVE_TO_PREGRASP exec=MOVE_TO_PREGRASP blocked=0 grip=open dxyz=(-0.025,-0.021,-0.040)
[real_action_bridge-4]   target MOVE_TO_PREGRASP xyz=(+0.057,+0.560,+0.300) err=0.030m tol=0.070 after=-
[real_action_bridge-4]   exec   inflight: MOVE_TO_PREGRASP/WAIT_PLAN stage=WAIT_PLAN plan=EXECUTING fail=-
[real_action_bridge-4]   age    img=0.18s box=0.21s mot=0.04s grip=0.04s plan=3.38s
[real_action_bridge-4] 
[real_action_bridge-4] [REAL ACTION ARMED] phase=OBSERVE_OBJECT conf=0.75 ok=0
[real_action_bridge-4]   reason object visible and not grasped
[real_action_bridge-4]   state  obj=(+0.080,+0.415,+0.009) src=vision/0.68s ee=(+0.056,+0.558,+0.301) target=(-0.096,+0.773,+0.009) mode=basket target_label=basket target_src=vision
[real_action_bridge-4]   flags  home=0 grasp=0 in_target=0 drop=0 attempts=0 phase_override=- return_home=0 placed=0
[real_action_bridge-4]   policy ppo=MOVE_TO_PREGRASP prior=MOVE_TO_PREGRASP raw=MOVE_TO_PREGRASP exec=MOVE_TO_PREGRASP blocked=0 grip=open dxyz=(-0.024,-0.021,-0.040)
[real_action_bridge-4]   target MOVE_TO_PREGRASP xyz=(+0.057,+0.560,+0.300) err=0.002m tol=0.070 after=-
[real_action_bridge-4]   exec   inflight: MOVE_TO_PREGRASP/WAIT_PLAN stage=WAIT_PLAN plan=EXECUTING fail=-
[real_action_bridge-4]   age    img=0.68s box=0.71s mot=0.04s grip=0.04s plan=3.88s
[plan_node-2] [INFO] [1782895531.823892575] [plan_node]: hold q_final target(rad): j1=+1.3690  j2=-0.2720  j3=-1.4065  j4=-0.4363  j5=-1.5708  j6=+0.3671
[plan_node-2] [INFO] [1782895531.828138732] [plan_node]: hold start actual(rad): j1=+1.3735  j2=-0.2644  j3=-1.4130  j4=-0.4424  j5=-1.5618  j6=+0.3572
[plan_node-2] [INFO] [1782895531.831740209] [plan_node]: hold start err(rad): j1=+0.0045  j2=+0.0076  j3=-0.0065  j4=-0.0061  j5=+0.0090  j6=-0.0099
[plan_node-2] [INFO] [1782895531.836189915] [plan_node]: trajectory complete — settling toward q_final
[real_action_bridge-4] 
[real_action_bridge-4] [REAL ACTION ARMED] phase=OBSERVE_OBJECT conf=0.75 ok=0
[real_action_bridge-4]   reason object visible and not grasped
[real_action_bridge-4]   state  obj=(+0.080,+0.415,+0.009) src=vision/1.17s ee=(+0.054,+0.559,+0.304) target=(-0.096,+0.773,+0.009) mode=basket target_label=basket target_src=vision
[real_action_bridge-4]   flags  home=0 grasp=0 in_target=0 drop=0 attempts=0 phase_override=- return_home=0 placed=0
[real_action_bridge-4]   policy ppo=MOVE_TO_PREGRASP prior=MOVE_TO_PREGRASP raw=MOVE_TO_PREGRASP exec=MOVE_TO_PREGRASP blocked=0 grip=open dxyz=(-0.025,-0.021,-0.040)
[real_action_bridge-4]   target MOVE_TO_PREGRASP xyz=(+0.057,+0.560,+0.300) err=0.005m tol=0.070 after=-
[real_action_bridge-4]   exec   inflight: MOVE_TO_PREGRASP/WAIT_PLAN stage=WAIT_PLAN plan=EXECUTING fail=-
[real_action_bridge-4]   age    img=1.16s box=1.16s mot=0.03s grip=0.03s plan=4.36s
[real_action_bridge-4] 
[real_action_bridge-4] [REAL ACTION ARMED] phase=OBSERVE_OBJECT conf=0.75 ok=0
[real_action_bridge-4]   reason object visible and not grasped
[real_action_bridge-4]   state  obj=(+0.056,+0.464,+0.009) src=vision/1.65s ee=(+0.066,+0.559,+0.306) target=(-0.096,+0.772,+0.009) mode=basket target_label=basket target_src=vision
[real_action_bridge-4]   flags  home=0 grasp=0 in_target=0 drop=0 attempts=0 phase_override=- return_home=0 placed=0
[real_action_bridge-4]   policy ppo=MOVE_TO_PREGRASP prior=MOVE_TO_PREGRASP raw=MOVE_TO_PREGRASP exec=MOVE_TO_PREGRASP blocked=0 grip=open dxyz=(-0.025,-0.021,-0.040)
[real_action_bridge-4]   target MOVE_TO_PREGRASP xyz=(+0.057,+0.560,+0.300) err=0.011m tol=0.070 after=-
[real_action_bridge-4]   exec   inflight: MOVE_TO_PREGRASP/WAIT_PLAN stage=WAIT_PLAN plan=EXECUTING fail=-
[real_action_bridge-4]   age    img=0.48s box=1.68s mot=0.04s grip=0.04s plan=4.88s
[plan_node-2] [INFO] [1782895532.643363388] [plan_node]: settled in 1.19s: max_err=0.0141rad vel=0.0955rad/s — DONE
[plan_node-2] [INFO] [1782895532.648160441] [plan_node]: hold actual_q latched after settled: max_q_final_err=0.0141rad threshold=0.0550rad settle_vel=0.0955rad/s
[real_action_bridge-4] [33m[WARN] [1782895532.670283157] [ppo_action_bridge]: phase override set: command=MOVE_TO_PREGRASP -> phase=GRASP reason=plan_done[0m
[real_action_bridge-4] [33m[WARN] [1782895532.682768748] [ppo_action_bridge]: transaction SUCCESS: command=MOVE_TO_PREGRASP reason=plan_done[0m
[real_action_bridge-4] 
[real_action_bridge-4] [REAL ACTION ARMED] phase=GRASP conf=0.85 ok=0
[real_action_bridge-4]   reason command-confirmed GRASP; sensor=OBSERVE_OBJECT (object visible and not grasped); MOVE_TO_PREGRASP success (plan_done)
[real_action_bridge-4]   state  obj=(+0.056,+0.464,+0.009) src=vision/2.14s ee=(+0.056,+0.560,+0.303) target=(-0.096,+0.772,+0.009) mode=basket target_label=basket target_src=vision
[real_action_bridge-4]   flags  home=0 grasp=0 in_target=0 drop=0 attempts=0 phase_override=GRASP return_home=0 placed=0
[real_action_bridge-4]   policy ppo=GRASP prior=GRASP raw=GRASP exec=GRASP blocked=0 grip=close dxyz=(+0.059,+0.049,+0.040)
[real_action_bridge-4]   target -
[real_action_bridge-4]   exec   hold: stale boxes stage=IDLE plan=DONE fail=-
[real_action_bridge-4]   age    img=0.98s box=2.17s mot=0.04s grip=0.03s plan=0.44s
[real_action_bridge-4] 
[real_action_bridge-4] [REAL ACTION ARMED] phase=GRASP conf=0.75 ok=0
[real_action_bridge-4]   reason held GRASP for 0.5/8.0s; instant=OBSERVE_OBJECT (object visible and not grasped)
[real_action_bridge-4]   state  obj=(+0.096,+0.366,+0.009) src=vision/1.45s ee=(+0.073,+0.558,+0.309) target=(-0.095,+0.772,+0.009) mode=basket target_label=basket target_src=vision
[real_action_bridge-4]   flags  home=0 grasp=0 in_target=0 drop=0 attempts=0 phase_override=GRASP return_home=0 placed=0
[real_action_bridge-4]   policy ppo=GRASP prior=GRASP raw=GRASP exec=GRASP blocked=0 grip=close dxyz=(+0.059,+0.049,+0.040)
[real_action_bridge-4]   target -
[real_action_bridge-4]   exec   hold: stale boxes stage=IDLE plan=DONE fail=-
[real_action_bridge-4]   age    img=0.15s box=1.48s mot=0.03s grip=0.03s plan=0.93s
[plan_node-2] [INFO] [1782895533.677891638] [plan_node]: [hold 1/3 +1.0s] err(rad): j1=+0.0263  j2=+0.0125  j3=-0.0038  j4=-0.0015  j5=+0.0067  j6=+0.0096  max=0.0263  worst=j1 q=+1.3954 q_des=+1.3831 qd=+0.1726 kp=35.0 kd=5.0 pd_tau=-1.292 tau_ff=+0.529 tau_meas=-0.015
[plan_node-2] [INFO] [1782895533.683864541] [plan_node]: [hold diag j3] err=-0.0012 q=-1.4103 q_des=-1.4092 qd=+0.0504 kp=40.0 kd=4.8 pd_tau=-0.197 tau_ff=-8.097 total=-8.294 tau_meas=-7.902
[real_action_bridge-4] 
[real_action_bridge-4] [REAL ACTION ARMED] phase=GRASP conf=0.75 ok=0
[real_action_bridge-4]   reason held GRASP for 1.0/8.0s; instant=OBSERVE_OBJECT (object visible and not grasped)
[real_action_bridge-4]   state  obj=(+0.096,+0.366,+0.009) src=vision/1.95s ee=(+0.069,+0.561,+0.311) target=(-0.095,+0.772,+0.009) mode=basket target_label=basket target_src=vision
[real_action_bridge-4]   flags  home=0 grasp=0 in_target=0 drop=0 attempts=0 phase_override=GRASP return_home=0 placed=0
[real_action_bridge-4]   policy ppo=GRASP prior=GRASP raw=GRASP exec=GRASP blocked=0 grip=close dxyz=(+0.058,+0.048,+0.040)
[real_action_bridge-4]   target -
[real_action_bridge-4]   exec   hold: stale boxes stage=IDLE plan=DONE fail=-
[real_action_bridge-4]   age    img=0.66s box=1.98s mot=0.04s grip=0.04s plan=1.44s
[real_action_bridge-4] 
[real_action_bridge-4] [REAL ACTION ARMED] phase=GRASP conf=0.75 ok=0
[real_action_bridge-4]   reason held GRASP for 1.5/8.0s; instant=OBSERVE_OBJECT (object visible and not grasped)
[real_action_bridge-4]   state  obj=(+0.096,+0.366,+0.009) src=vision/2.45s ee=(+0.066,+0.562,+0.311) target=(-0.095,+0.772,+0.009) mode=basket target_label=basket target_src=vision
[real_action_bridge-4]   flags  home=0 grasp=0 in_target=0 drop=0 attempts=0 phase_override=GRASP return_home=0 placed=0
[real_action_bridge-4]   policy ppo=GRASP prior=GRASP raw=GRASP exec=GRASP blocked=0 grip=close dxyz=(+0.056,+0.047,+0.040)
[real_action_bridge-4]   target -
[real_action_bridge-4]   exec   hold: stale boxes stage=IDLE plan=DONE fail=-
[real_action_bridge-4]   age    img=1.16s box=2.48s mot=0.03s grip=0.03s plan=1.94s
[plan_node-2] [INFO] [1782895534.678254108] [plan_node]: [hold 2/3 +2.0s] err(rad): j1=+0.0168  j2=+0.0102  j3=-0.0123  j4=-0.0007  j5=+0.0063  j6=+0.0096  max=0.0168  worst=j1 q=+1.3858 q_des=+1.3831 qd=+0.0114 kp=35.0 kd=5.0 pd_tau=-0.151 tau_ff=+0.161 tau_meas=-0.530
[plan_node-2] [INFO] [1782895534.683089773] [plan_node]: [hold diag j3] err=-0.0096 q=-1.4188 q_des=-1.4092 qd=-0.0812 kp=40.0 kd=4.8 pd_tau=+0.776 tau_ff=-8.490 total=-7.714 tau_meas=-7.558
[real_action_bridge-4] 
[real_action_bridge-4] [REAL ACTION ARMED] phase=GRASP conf=0.75 ok=0
[real_action_bridge-4]   reason held GRASP for 2.0/8.0s; instant=OBSERVE_OBJECT (object visible and not grasped)
[real_action_bridge-4]   state  obj=(+0.044,+0.455,+0.009) src=vision/1.63s ee=(+0.072,+0.560,+0.310) target=(-0.094,+0.774,+0.009) mode=basket target_label=basket target_src=vision
[real_action_bridge-4]   flags  home=0 grasp=0 in_target=0 drop=0 attempts=0 phase_override=GRASP return_home=0 placed=0
[real_action_bridge-4]   policy ppo=GRASP prior=GRASP raw=GRASP exec=GRASP blocked=0 grip=close dxyz=(+0.053,+0.046,+0.040)
[real_action_bridge-4]   target -
[real_action_bridge-4]   exec   hold: stale boxes stage=IDLE plan=DONE fail=-
[real_action_bridge-4]   age    img=0.39s box=1.66s mot=0.04s grip=0.03s plan=2.44s
[real_action_bridge-4] 
[real_action_bridge-4] [REAL ACTION ARMED] phase=GRASP conf=0.75 ok=0
[real_action_bridge-4]   reason held GRASP for 2.5/8.0s; instant=OBSERVE_OBJECT (object visible and not grasped)
[real_action_bridge-4]   state  obj=(+0.044,+0.455,+0.009) src=vision/2.13s ee=(+0.067,+0.560,+0.310) target=(-0.094,+0.774,+0.009) mode=basket target_label=basket target_src=vision
[real_action_bridge-4]   flags  home=0 grasp=0 in_target=0 drop=0 attempts=0 phase_override=GRASP return_home=0 placed=0
[real_action_bridge-4]   policy ppo=GRASP prior=GRASP raw=GRASP exec=GRASP blocked=0 grip=close dxyz=(+0.051,+0.045,+0.040)
[real_action_bridge-4]   target -
[real_action_bridge-4]   exec   hold: stale boxes stage=IDLE plan=DONE fail=-
[real_action_bridge-4]   age    img=0.89s box=2.16s mot=0.04s grip=0.04s plan=2.94s
[plan_node-2] [INFO] [1782895535.684373881] [plan_node]: [hold 3/3 +3.0s] err(rad): j1=+0.0244  j2=+0.0118  j3=-0.0077  j4=-0.0022  j5=+0.0055  j6=+0.0093  max=0.0244  worst=j1 q=+1.3935 q_des=+1.3831 qd=+0.1081 kp=35.0 kd=5.0 pd_tau=-0.903 tau_ff=+0.628 tau_meas=-0.175
[plan_node-2] [INFO] [1782895535.689575458] [plan_node]: [hold diag j3] err=-0.0050 q=-1.4142 q_des=-1.4092 qd=-0.0651 kp=40.0 kd=4.8 pd_tau=+0.514 tau_ff=-8.412 total=-7.898 tau_meas=-7.949
[real_action_bridge-4] [33m[WARN] [1782895536.060986415] [ppo_action_bridge]: ARMED publish /ee_target command=GRASP xyz=(+0.101,+0.595,+0.120) yaw=18.6deg line=True note=lower then close gripper[0m
[real_action_bridge-4] 
[real_action_bridge-4] [REAL ACTION ARMED] phase=GRASP conf=0.75 ok=1
[real_action_bridge-4]   reason held GRASP for 3.0/8.0s; instant=OBSERVE_OBJECT (object visible and not grasped)
[real_action_bridge-4]   state  obj=(+0.056,+0.477,+0.009) src=vision/1.36s ee=(+0.072,+0.560,+0.310) target=(-0.096,+0.774,+0.009) mode=basket target_label=basket target_src=vision
[real_action_bridge-4]   flags  home=0 grasp=0 in_target=0 drop=0 attempts=0 phase_override=GRASP return_home=0 placed=0
[real_action_bridge-4]   policy ppo=GRASP prior=GRASP raw=GRASP exec=GRASP blocked=0 grip=close dxyz=(+0.049,+0.044,+0.040)
[real_action_bridge-4]   target GRASP xyz=(+0.101,+0.595,+0.120) yaw=+18.6(object) line=1 after=close
[real_action_bridge-4]   exec   lower then close gripper stage=WAIT_PLAN plan=DONE fail=-
[real_action_bridge-4]   age    img=0.03s box=0.03s mot=0.00s grip=0.00s plan=3.40s
[plan_compute_node-1] [INFO] [1782895536.061321349] [plan_compute_node]: planning [2] (straight line): [0.07188332459919929, 0.5597836352735804, 0.30969026831955665] → [0.10058792680501938, 0.5952181816101074, 0.11999999731779099] duration=1.00s
[plan_node-2] [INFO] [1782895536.540600898] [plan_node]: [2] plan received: duration=1.00s
[plan_compute_node-1] [INFO] [1782895536.541885841] [plan_compute_node]: [2] straight-line plan ready: duration=1.00s timing(total=0.478s ik=- build=- collision=- cost=- checked=- safe=- cand=- j6_dq=-)
[plan_node-2] [INFO] [1782895536.546540820] [plan_node]: ================================================================
[plan_node-2] [INFO] [1782895536.547046461] [plan_node]: [target 2] xyz=[0.10058792680501938, 0.5952181816101074, 0.11999999731779099] yaw=+18.6° duration=1.26s
[plan_node-2] [INFO] [1782895536.547479598] [plan_node]: plan committed: xyz=[0.10058792680501938, 0.5952181816101074, 0.11999999731779099] yaw=+18.6° duration=1.26s drift=0.0020rad
[real_action_bridge-4] 
[real_action_bridge-4] [REAL ACTION ARMED] phase=GRASP conf=0.75 ok=0
[real_action_bridge-4]   reason held GRASP for 3.5/8.0s; instant=OBSERVE_OBJECT (object visible and not grasped)
[real_action_bridge-4]   state  obj=(+0.220,+0.341,+0.009) src=vision/0.04s ee=(+0.071,+0.560,+0.310) target=(-0.099,+0.771,+0.009) mode=basket target_label=basket target_src=vision
[real_action_bridge-4]   flags  home=0 grasp=0 in_target=0 drop=0 attempts=0 phase_override=GRASP return_home=0 placed=0
[real_action_bridge-4]   policy ppo=GRASP prior=GRASP raw=GRASP exec=GRASP blocked=0 grip=close dxyz=(+0.045,+0.041,+0.040)
[real_action_bridge-4]   target GRASP xyz=(+0.101,+0.595,+0.120) err=0.195m tol=0.070 after=close
[real_action_bridge-4]   exec   inflight: GRASP/WAIT_PLAN stage=WAIT_PLAN plan=EXECUTING fail=-
[real_action_bridge-4]   age    img=0.01s box=0.05s mot=0.01s grip=0.01s plan=0.02s
[real_action_bridge-4] 
[real_action_bridge-4] [REAL ACTION ARMED] phase=GRASP conf=0.75 ok=0
[real_action_bridge-4]   reason held GRASP for 4.0/8.0s; instant=OBSERVE_OBJECT (object visible and not grasped)
[real_action_bridge-4]   state  obj=(+0.168,+0.489,+0.009) src=vision/0.05s ee=(+0.076,+0.585,+0.274) target=(-0.100,+0.768,+0.009) mode=basket target_label=basket target_src=vision
[real_action_bridge-4]   flags  home=0 grasp=0 in_target=0 drop=0 attempts=0 phase_override=GRASP return_home=0 placed=0
[real_action_bridge-4]   policy ppo=GRASP prior=GRASP raw=GRASP exec=GRASP blocked=0 grip=close dxyz=(+0.042,+0.039,+0.040)
[real_action_bridge-4]   target GRASP xyz=(+0.101,+0.595,+0.120) err=0.157m tol=0.070 after=close
[real_action_bridge-4]   exec   inflight: GRASP/WAIT_PLAN stage=WAIT_PLAN plan=EXECUTING fail=-
[real_action_bridge-4]   age    img=0.02s box=0.05s mot=0.00s grip=0.00s plan=0.51s
[real_action_bridge-4] 
[real_action_bridge-4] [REAL ACTION ARMED] phase=GRASP conf=0.75 ok=0
[real_action_bridge-4]   reason held GRASP for 4.5/8.0s; instant=OBSERVE_OBJECT (object visible and not grasped)
[real_action_bridge-4]   state  obj=(+0.168,+0.489,+0.009) src=vision_memory/0.55s ee=(+0.100,+0.601,+0.139) target=(-0.103,+0.769,+0.009) mode=basket target_label=basket target_src=vision
[real_action_bridge-4]   flags  home=0 grasp=0 in_target=0 drop=0 attempts=0 phase_override=GRASP return_home=0 placed=0
[real_action_bridge-4]   policy ppo=GRASP prior=GRASP raw=GRASP exec=GRASP blocked=0 grip=close dxyz=(+0.039,+0.037,+0.040)
[real_action_bridge-4]   target GRASP xyz=(+0.101,+0.595,+0.120) err=0.020m tol=0.070 after=close
[real_action_bridge-4]   exec   inflight: GRASP/WAIT_PLAN stage=WAIT_PLAN plan=EXECUTING fail=-
[real_action_bridge-4]   age    img=0.02s box=0.06s mot=0.00s grip=0.00s plan=1.01s
[plan_node-2] [INFO] [1782895537.814414063] [plan_node]: hold q_final target(rad): j1=+1.4570  j2=-0.6417  j3=-1.3319  j4=-0.8806  j5=-1.5708  j6=+0.2112
[plan_node-2] [INFO] [1782895537.814951223] [plan_node]: hold start actual(rad): j1=+1.4544  j2=-0.6149  j3=-1.3459  j4=-0.8853  j5=-1.5695  j6=+0.2123
[plan_node-2] [INFO] [1782895537.815291998] [plan_node]: hold start err(rad): j1=-0.0026  j2=+0.0268  j3=-0.0140  j4=-0.0047  j5=+0.0013  j6=+0.0010
[plan_node-2] [INFO] [1782895537.815606163] [plan_node]: trajectory complete — settling toward q_final
[real_action_bridge-4] 
[real_action_bridge-4] [REAL ACTION ARMED] phase=GRASP conf=0.75 ok=0
[real_action_bridge-4]   reason held GRASP for 5.0/8.0s; instant=OBSERVE_OBJECT (object visible and not grasped)
[real_action_bridge-4]   state  obj=(+0.168,+0.489,+0.009) src=vision_memory/1.05s ee=(+0.101,+0.601,+0.139) target=(-0.102,+0.771,+0.009) mode=basket target_label=basket target_src=vision
[real_action_bridge-4]   flags  home=0 grasp=0 in_target=0 drop=0 attempts=0 phase_override=GRASP return_home=0 placed=0
[real_action_bridge-4]   policy ppo=GRASP prior=GRASP raw=GRASP exec=GRASP blocked=0 grip=close dxyz=(+0.035,+0.035,+0.040)
[real_action_bridge-4]   target GRASP xyz=(+0.101,+0.595,+0.120) err=0.020m tol=0.070 after=close
[real_action_bridge-4]   exec   inflight: GRASP/WAIT_PLAN stage=WAIT_PLAN plan=EXECUTING fail=-
[real_action_bridge-4]   age    img=0.03s box=0.03s mot=0.00s grip=0.00s plan=1.51s
[real_action_bridge-4] 
[real_action_bridge-4] [REAL ACTION ARMED] phase=GRASP conf=0.75 ok=0
[real_action_bridge-4]   reason held GRASP for 5.5/8.0s; instant=OBSERVE_OBJECT (object visible and not grasped)
[real_action_bridge-4]   state  obj=(+0.168,+0.489,+0.009) src=vision_memory/1.55s ee=(+0.100,+0.601,+0.139) target=(-0.101,+0.772,+0.009) mode=basket target_label=basket target_src=vision
[real_action_bridge-4]   flags  home=0 grasp=0 in_target=0 drop=0 attempts=0 phase_override=GRASP return_home=0 placed=0
[real_action_bridge-4]   policy ppo=GRASP prior=GRASP raw=GRASP exec=GRASP blocked=0 grip=close dxyz=(+0.032,+0.032,+0.040)
[real_action_bridge-4]   target GRASP xyz=(+0.101,+0.595,+0.120) err=0.020m tol=0.070 after=close
[real_action_bridge-4]   exec   inflight: GRASP/WAIT_PLAN stage=WAIT_PLAN plan=EXECUTING fail=-
[real_action_bridge-4]   age    img=0.04s box=0.04s mot=0.00s grip=0.00s plan=2.01s
[real_action_bridge-4] 
[real_action_bridge-4] [REAL ACTION ARMED] phase=GRASP conf=0.75 ok=0
[real_action_bridge-4]   reason held GRASP for 6.0/8.0s; instant=OBSERVE_OBJECT (object visible and not grasped)
[real_action_bridge-4]   state  obj=(+0.168,+0.489,+0.009) src=vision_memory/2.05s ee=(+0.099,+0.602,+0.139) target=(-0.104,+0.771,+0.009) mode=basket target_label=basket target_src=vision
[real_action_bridge-4]   flags  home=0 grasp=0 in_target=0 drop=0 attempts=0 phase_override=GRASP return_home=0 placed=0
[real_action_bridge-4]   policy ppo=GRASP prior=GRASP raw=GRASP exec=GRASP blocked=0 grip=close dxyz=(+0.029,+0.029,+0.038)
[real_action_bridge-4]   target GRASP xyz=(+0.101,+0.595,+0.120) err=0.021m tol=0.070 after=close
[real_action_bridge-4]   exec   inflight: GRASP/WAIT_PLAN stage=WAIT_PLAN plan=EXECUTING fail=-
[real_action_bridge-4]   age    img=0.01s box=0.04s mot=0.00s grip=0.00s plan=2.51s
[real_action_bridge-4] 
[real_action_bridge-4] [REAL ACTION ARMED] phase=GRASP conf=0.75 ok=0
[real_action_bridge-4]   reason held GRASP for 6.5/8.0s; instant=OBSERVE_OBJECT (object visible and not grasped)
[real_action_bridge-4]   state  obj=(+0.168,+0.489,+0.009) src=vision_memory/2.55s ee=(+0.099,+0.602,+0.139) target=(-0.103,+0.771,+0.009) mode=basket target_label=basket target_src=vision
[real_action_bridge-4]   flags  home=0 grasp=0 in_target=0 drop=0 attempts=0 phase_override=GRASP return_home=0 placed=0
[real_action_bridge-4]   policy ppo=GRASP prior=GRASP raw=GRASP exec=GRASP blocked=0 grip=close dxyz=(+0.026,+0.026,+0.034)
[real_action_bridge-4]   target GRASP xyz=(+0.101,+0.595,+0.120) err=0.020m tol=0.070 after=close
[real_action_bridge-4]   exec   inflight: GRASP/WAIT_PLAN stage=WAIT_PLAN plan=EXECUTING fail=-
[real_action_bridge-4]   age    img=0.02s box=0.05s mot=0.00s grip=0.00s plan=3.01s
[plan_node-2] [WARN] [1782895539.917601259] [plan_node]: settle timeout 2.5s: max_err=0.0268rad vel=0.1000rad/s — DONE anyway
[plan_node-2] [INFO] [1782895539.917955589] [plan_node]: hold actual_q latched after timeout: max_q_final_err=0.0268rad threshold=0.0550rad settle_vel=0.1000rad/s
[gripper_node-3] [INFO] [1782895539.918976059] [gripper_node]: gripper: close commanded
[real_action_bridge-4] 
[real_action_bridge-4] [REAL ACTION ARMED] phase=GRASP conf=0.75 ok=0
[real_action_bridge-4]   reason held GRASP for 7.0/8.0s; instant=OBSERVE_OBJECT (object visible and not grasped)
[real_action_bridge-4]   state  obj=(+0.168,+0.489,+0.009) src=vision_memory/3.05s ee=(+0.099,+0.603,+0.142) target=(-0.103,+0.772,+0.009) mode=basket target_label=basket target_src=vision
[real_action_bridge-4]   flags  home=0 grasp=0 in_target=0 drop=0 attempts=0 phase_override=GRASP return_home=0 placed=0
[real_action_bridge-4]   policy ppo=GRASP prior=GRASP raw=GRASP exec=GRASP blocked=0 grip=close dxyz=(+0.023,+0.023,+0.029)
[real_action_bridge-4]   target GRASP xyz=(+0.101,+0.595,+0.120) err=0.023m tol=0.070 after=close
[real_action_bridge-4]   exec   inflight: GRASP/WAIT_GRIPPER stage=WAIT_GRIPPER plan=DONE fail=-
[real_action_bridge-4]   age    img=0.02s box=0.06s mot=0.00s grip=0.00s plan=0.14s
[real_action_bridge-4] 
[real_action_bridge-4] [REAL ACTION ARMED] phase=GRASP conf=0.75 ok=0
[real_action_bridge-4]   reason held GRASP for 7.5/8.0s; instant=OBSERVE_OBJECT (object visible and not grasped)
[real_action_bridge-4]   state  obj=(+0.168,+0.489,+0.009) src=vision_memory/3.55s ee=(+0.100,+0.605,+0.146) target=(-0.104,+0.772,+0.009) mode=basket target_label=basket target_src=vision
[real_action_bridge-4]   flags  home=0 grasp=0 in_target=0 drop=0 attempts=0 phase_override=GRASP return_home=0 placed=0
[real_action_bridge-4]   policy ppo=HOME prior=GRASP raw=GRASP exec=GRASP blocked=0 grip=close dxyz=(+0.020,+0.020,+0.021)
[real_action_bridge-4]   target GRASP xyz=(+0.101,+0.595,+0.120) err=0.028m tol=0.070 after=close
[real_action_bridge-4]   exec   inflight: GRASP/WAIT_GRIPPER stage=WAIT_GRIPPER plan=DONE fail=-
[real_action_bridge-4]   age    img=0.03s box=0.03s mot=0.00s grip=0.00s plan=0.64s
[gripper_node-3] [INFO] [1782895540.716122896] [gripper_node]: grasped: q_actual=0.6165
[real_action_bridge-4] [33m[WARN] [1782895540.717524346] [ppo_action_bridge]: phase override set: command=GRASP -> phase=LIFT reason=grasp_success[0m
[real_action_bridge-4] [33m[WARN] [1782895540.718090770] [ppo_action_bridge]: transaction SUCCESS: command=GRASP reason=grasp_success[0m
[plan_node-2] [INFO] [1782895540.920145567] [plan_node]: [hold 1/3 +1.0s] err(rad): j1=-0.0003  j2=+0.0329  j3=-0.0178  j4=-0.0005  j5=+0.0040  j6=-0.0005  max=0.0329  worst=j2 q=-0.6088 q_des=-0.6149 qd=-0.0809 kp=25.0 kd=5.8 pd_tau=+0.316 tau_ff=+13.575 tau_meas=+13.670
[plan_node-2] [INFO] [1782895540.920510526] [plan_node]: [hold diag j3] err=-0.0081 q=-1.3497 q_des=-1.3417 qd=-0.0933 kp=40.0 kd=4.8 pd_tau=+0.773 tau_ff=-6.874 total=-6.101 tau_meas=-6.065
[real_action_bridge-4] [33m[WARN] [1782895541.060422911] [ppo_action_bridge]: ARMED publish /ee_target command=LIFT xyz=(+0.100,+0.605,+0.300) yaw=8.3deg line=True note=lift current grasp[0m
[real_action_bridge-4] 
[real_action_bridge-4] [REAL ACTION ARMED] phase=LIFT conf=0.80 ok=1
[real_action_bridge-4]   reason object is grasped but not lifted obj_z=0.009 ee_z=0.146
[real_action_bridge-4]   state  obj=(+0.168,+0.489,+0.009) src=grasp_fk/0.00s ee=(+0.100,+0.605,+0.146) target=(-0.103,+0.771,+0.009) mode=basket target_label=basket target_src=vision
[real_action_bridge-4]   flags  home=0 grasp=1 in_target=0 drop=0 attempts=0 phase_override=LIFT return_home=0 placed=0
[real_action_bridge-4]   policy ppo=LIFT prior=LIFT raw=LIFT exec=LIFT blocked=0 grip=close dxyz=(+0.007,+0.050,-0.002)
[real_action_bridge-4]   target LIFT xyz=(+0.100,+0.605,+0.300) yaw=+8.3(object) line=1 after=-
[real_action_bridge-4]   exec   lift current grasp stage=WAIT_PLAN plan=DONE fail=-
[real_action_bridge-4]   age    img=0.04s box=0.04s mot=0.00s grip=0.00s plan=1.14s
[plan_compute_node-1] [INFO] [1782895541.060740413] [plan_compute_node]: planning [3] (straight line): [0.09989250372068859, 0.6054982801256552, 0.14563802753885627] → [0.0998925045132637, 0.6054982542991638, 0.30000001192092896] duration=1.20s
[plan_compute_node-1] [INFO] [1782895541.544537500] [plan_compute_node]: [3] straight-line plan ready: duration=1.20s timing(total=0.482s ik=- build=- collision=- cost=- checked=- safe=- cand=- j6_dq=-)
[plan_node-2] [INFO] [1782895541.545102262] [plan_node]: [3] plan received: duration=1.20s
[plan_node-2] [INFO] [1782895541.550587216] [plan_node]: ================================================================
[plan_node-2] [INFO] [1782895541.551016846] [plan_node]: [target 3] xyz=[0.0998925045132637, 0.6054982542991638, 0.30000001192092896] yaw=+8.3° duration=1.34s
[plan_node-2] [INFO] [1782895541.551455102] [plan_node]: plan committed: xyz=[0.0998925045132637, 0.6054982542991638, 0.30000001192092896] yaw=+8.3° duration=1.34s drift=0.0020rad
[real_action_bridge-4] 
[real_action_bridge-4] [REAL ACTION ARMED] phase=LIFT conf=0.80 ok=0
[real_action_bridge-4]   reason object is grasped but not lifted obj_z=0.010 ee_z=0.146
[real_action_bridge-4]   state  obj=(+0.168,+0.490,+0.010) src=grasp_fk/0.00s ee=(+0.100,+0.606,+0.146) target=(-0.104,+0.771,+0.009) mode=basket target_label=basket target_src=vision
[real_action_bridge-4]   flags  home=0 grasp=1 in_target=0 drop=0 attempts=0 phase_override=LIFT return_home=0 placed=0
[real_action_bridge-4]   policy ppo=LIFT prior=LIFT raw=LIFT exec=LIFT blocked=0 grip=close dxyz=(+0.006,+0.049,-0.003)
[real_action_bridge-4]   target LIFT xyz=(+0.100,+0.605,+0.300) err=0.154m tol=0.070 after=-
[real_action_bridge-4]   exec   inflight: LIFT/WAIT_PLAN stage=WAIT_PLAN plan=EXECUTING fail=-
[real_action_bridge-4]   age    img=0.01s box=0.04s mot=0.00s grip=0.00s plan=0.01s
[real_action_bridge-4] 
[real_action_bridge-4] [REAL ACTION ARMED] phase=LIFT conf=0.80 ok=0
[real_action_bridge-4]   reason object is grasped but not lifted obj_z=0.037 ee_z=0.173
[real_action_bridge-4]   state  obj=(+0.167,+0.494,+0.037) src=grasp_fk/0.00s ee=(+0.099,+0.611,+0.173) target=(-0.107,+0.771,+0.009) mode=basket target_label=basket target_src=vision
[real_action_bridge-4]   flags  home=0 grasp=1 in_target=0 drop=0 attempts=0 phase_override=LIFT return_home=0 placed=0
[real_action_bridge-4]   policy ppo=LIFT prior=LIFT raw=LIFT exec=LIFT blocked=0 grip=close dxyz=(+0.005,+0.048,-0.005)
[real_action_bridge-4]   target LIFT xyz=(+0.100,+0.605,+0.300) err=0.127m tol=0.070 after=-
[real_action_bridge-4]   exec   inflight: LIFT/WAIT_PLAN stage=WAIT_PLAN plan=EXECUTING fail=-
[real_action_bridge-4]   age    img=0.02s box=0.05s mot=0.00s grip=0.00s plan=0.51s
[real_action_bridge-4] 
[real_action_bridge-4] [REAL ACTION ARMED] phase=MOVE_TO_PLACE conf=0.85 ok=0
[real_action_bridge-4]   reason object is lifted/grasped obj_z=0.144 ee_z=0.281
[real_action_bridge-4]   state  obj=(+0.168,+0.493,+0.144) src=grasp_fk_reject_vision/0.05s ee=(+0.100,+0.609,+0.281) target=(-0.105,+0.774,+0.009) mode=basket target_label=basket target_src=vision
[real_action_bridge-4]   flags  home=0 grasp=1 in_target=0 drop=0 attempts=0 phase_override=- return_home=0 placed=0
[real_action_bridge-4]   policy ppo=LIFT prior=MOVE_TO_PLACE raw=MOVE_TO_PLACE exec=MOVE_TO_PLACE blocked=0 grip=close dxyz=(+0.007,+0.015,-0.026)
[real_action_bridge-4]   target LIFT xyz=(+0.100,+0.605,+0.300) err=0.020m tol=0.070 after=-
[real_action_bridge-4]   exec   inflight: LIFT/WAIT_PLAN stage=WAIT_PLAN plan=EXECUTING fail=-
[real_action_bridge-4]   age    img=0.02s box=0.06s mot=0.00s grip=0.00s plan=1.01s
[plan_node-2] [INFO] [1782895542.893984345] [plan_node]: hold q_final target(rad): j1=+1.4578  j2=-0.3949  j3=-1.5825  j4=-0.3833  j5=-1.5708  j6=+0.0322
[plan_node-2] [INFO] [1782895542.894337923] [plan_node]: hold start actual(rad): j1=+1.4575  j2=-0.3967  j3=-1.5833  j4=-0.3802  j5=-1.5687  j6=+0.0324
[plan_node-2] [INFO] [1782895542.894609058] [plan_node]: hold start err(rad): j1=-0.0003  j2=-0.0018  j3=-0.0008  j4=+0.0030  j5=+0.0021  j6=+0.0002
[plan_node-2] [INFO] [1782895542.894927061] [plan_node]: trajectory complete — settling toward q_final
[real_action_bridge-4] 
[real_action_bridge-4] [REAL ACTION ARMED] phase=MOVE_TO_PLACE conf=0.85 ok=0
[real_action_bridge-4]   reason object is lifted/grasped obj_z=0.162 ee_z=0.299
[real_action_bridge-4]   state  obj=(+0.168,+0.489,+0.162) src=grasp_fk_reject_vision/0.09s ee=(+0.100,+0.606,+0.299) target=(-0.105,+0.773,+0.009) mode=basket target_label=basket target_src=vision_smooth
[real_action_bridge-4]   flags  home=0 grasp=1 in_target=0 drop=0 attempts=0 phase_override=- return_home=0 placed=0
[real_action_bridge-4]   policy ppo=LIFT prior=MOVE_TO_PLACE raw=MOVE_TO_PLACE exec=MOVE_TO_PLACE blocked=0 grip=close dxyz=(+0.008,+0.015,-0.025)
[real_action_bridge-4]   target LIFT xyz=(+0.100,+0.605,+0.300) err=0.001m tol=0.070 after=-
[real_action_bridge-4]   exec   inflight: LIFT/WAIT_PLAN stage=WAIT_PLAN plan=EXECUTING fail=-
[real_action_bridge-4]   age    img=0.09s box=0.12s mot=0.03s grip=0.03s plan=1.54s
[real_action_bridge-4] 
[real_action_bridge-4] [REAL ACTION ARMED] phase=MOVE_TO_PLACE conf=0.85 ok=0
[real_action_bridge-4]   reason object is lifted/grasped obj_z=0.165 ee_z=0.302
[real_action_bridge-4]   state  obj=(+0.163,+0.492,+0.165) src=grasp_fk_reject_vision/0.60s ee=(+0.095,+0.608,+0.302) target=(-0.106,+0.773,+0.009) mode=basket target_label=basket target_src=vision_smooth
[real_action_bridge-4]   flags  home=0 grasp=1 in_target=0 drop=0 attempts=0 phase_override=- return_home=0 placed=0
[real_action_bridge-4]   policy ppo=PLACE prior=MOVE_TO_PLACE raw=MOVE_TO_PLACE exec=MOVE_TO_PLACE blocked=0 grip=close dxyz=(+0.006,+0.013,-0.028)
[real_action_bridge-4]   target LIFT xyz=(+0.100,+0.605,+0.300) err=0.006m tol=0.070 after=-
[real_action_bridge-4]   exec   inflight: LIFT/WAIT_PLAN stage=WAIT_PLAN plan=EXECUTING fail=-
[real_action_bridge-4]   age    img=0.59s box=0.59s mot=0.03s grip=0.03s plan=2.04s
[real_action_bridge-4] 
[real_action_bridge-4] [REAL ACTION ARMED] phase=MOVE_TO_PLACE conf=0.85 ok=0
[real_action_bridge-4]   reason object is lifted/grasped obj_z=0.163 ee_z=0.300
[real_action_bridge-4]   state  obj=(+0.172,+0.488,+0.163) src=grasp_fk_reject_vision/1.06s ee=(+0.103,+0.604,+0.300) target=(-0.106,+0.773,+0.009) mode=basket target_label=basket target_src=vision_smooth
[real_action_bridge-4]   flags  home=0 grasp=1 in_target=0 drop=0 attempts=0 phase_override=- return_home=0 placed=0
[real_action_bridge-4]   policy ppo=PLACE prior=MOVE_TO_PLACE raw=MOVE_TO_PLACE exec=MOVE_TO_PLACE blocked=0 grip=close dxyz=(+0.005,+0.011,-0.030)
[real_action_bridge-4]   target LIFT xyz=(+0.100,+0.605,+0.300) err=0.004m tol=0.070 after=-
[real_action_bridge-4]   exec   inflight: LIFT/WAIT_PLAN stage=WAIT_PLAN plan=EXECUTING fail=-
[real_action_bridge-4]   age    img=0.48s box=1.09s mot=0.03s grip=0.03s plan=2.54s
[real_action_bridge-4] 
[real_action_bridge-4] [REAL ACTION ARMED] phase=MOVE_TO_PLACE conf=0.85 ok=0
[real_action_bridge-4]   reason object is lifted/grasped obj_z=0.163 ee_z=0.300
[real_action_bridge-4]   state  obj=(+0.170,+0.490,+0.163) src=grasp_fk_reject_vision/1.56s ee=(+0.102,+0.606,+0.300) target=(-0.106,+0.773,+0.009) mode=basket target_label=basket target_src=vision_smooth
[real_action_bridge-4]   flags  home=0 grasp=1 in_target=0 drop=0 attempts=0 phase_override=- return_home=0 placed=0
[real_action_bridge-4]   policy ppo=PLACE prior=MOVE_TO_PLACE raw=MOVE_TO_PLACE exec=MOVE_TO_PLACE blocked=0 grip=close dxyz=(+0.003,+0.009,-0.032)
[real_action_bridge-4]   target LIFT xyz=(+0.100,+0.605,+0.300) err=0.002m tol=0.070 after=-
[real_action_bridge-4]   exec   inflight: LIFT/WAIT_PLAN stage=WAIT_PLAN plan=EXECUTING fail=-
[real_action_bridge-4]   age    img=0.97s box=1.59s mot=0.04s grip=0.03s plan=3.04s
[plan_node-2] [INFO] [1782895544.905533918] [plan_node]: settled in 2.38s: max_err=0.0044rad vel=0.0732rad/s — DONE
[plan_node-2] [INFO] [1782895544.909382896] [plan_node]: hold actual_q latched after settled: max_q_final_err=0.0044rad threshold=0.0550rad settle_vel=0.0732rad/s
[real_action_bridge-4] [33m[WARN] [1782895544.931464686] [ppo_action_bridge]: phase override set: command=LIFT -> phase=MOVE_TO_PLACE reason=plan_done[0m
[real_action_bridge-4] [33m[WARN] [1782895544.939686447] [ppo_action_bridge]: transaction SUCCESS: command=LIFT reason=plan_done[0m
[real_action_bridge-4] 
[real_action_bridge-4] [REAL ACTION ARMED] phase=MOVE_TO_PLACE conf=0.85 ok=0
[real_action_bridge-4]   reason object is lifted/grasped obj_z=0.164 ee_z=0.301
[real_action_bridge-4]   state  obj=(+0.161,+0.491,+0.164) src=grasp_fk_reject_vision/2.06s ee=(+0.092,+0.608,+0.301) target=(-0.106,+0.773,+0.009) mode=basket target_label=basket target_src=vision_smooth
[real_action_bridge-4]   flags  home=0 grasp=1 in_target=0 drop=0 attempts=0 phase_override=MOVE_TO_PLACE return_home=0 placed=0
[real_action_bridge-4]   policy ppo=PLACE prior=MOVE_TO_PLACE raw=MOVE_TO_PLACE exec=MOVE_TO_PLACE blocked=0 grip=close dxyz=(-0.002,-0.014,-0.040)
[real_action_bridge-4]   target -
[real_action_bridge-4]   exec   hold: stale boxes stage=IDLE plan=DONE fail=-
[real_action_bridge-4]   age    img=1.47s box=1.47s mot=0.03s grip=0.03s plan=0.17s
[real_action_bridge-4] 
[real_action_bridge-4] [REAL ACTION ARMED] phase=MOVE_TO_PLACE conf=0.85 ok=0
[real_action_bridge-4]   reason object is lifted/grasped obj_z=0.165 ee_z=0.301
[real_action_bridge-4]   state  obj=(+0.172,+0.492,+0.165) src=grasp_fk_reject_vision/1.95s ee=(+0.104,+0.609,+0.301) target=(-0.106,+0.773,+0.009) mode=basket target_label=basket target_src=vision_smooth
[real_action_bridge-4]   flags  home=0 grasp=1 in_target=0 drop=0 attempts=0 phase_override=MOVE_TO_PLACE return_home=0 placed=0
[real_action_bridge-4]   policy ppo=PLACE prior=MOVE_TO_PLACE raw=MOVE_TO_PLACE exec=MOVE_TO_PLACE blocked=0 grip=close dxyz=(-0.003,-0.015,-0.040)
[real_action_bridge-4]   target -
[real_action_bridge-4]   exec   hold: stale boxes stage=IDLE plan=DONE fail=-
[real_action_bridge-4]   age    img=0.48s box=1.98s mot=0.04s grip=0.04s plan=0.67s
[plan_node-2] [INFO] [1782895545.915830694] [plan_node]: [hold 1/3 +1.0s] err(rad): j1=+0.0000  j2=-0.0041  j3=-0.0077  j4=-0.0031  j5=+0.0029  j6=-0.0021  max=0.0077  worst=j3 q=-1.5902 q_des=-1.5837 qd=+0.0235 kp=40.0 kd=4.8 pd_tau=+0.147 tau_ff=-8.354 tau_meas=-8.069
[plan_node-2] [INFO] [1782895545.922552842] [plan_node]: [hold diag j3] err=-0.0065 q=-1.5902 q_des=-1.5837 qd=+0.0235 kp=40.0 kd=4.8 pd_tau=+0.147 tau_ff=-8.354 total=-8.207 tau_meas=-8.069
[real_action_bridge-4] 
[real_action_bridge-4] [REAL ACTION ARMED] phase=MOVE_TO_PLACE conf=0.85 ok=0
[real_action_bridge-4]   reason object is lifted/grasped obj_z=0.165 ee_z=0.301
[real_action_bridge-4]   state  obj=(+0.170,+0.492,+0.165) src=grasp_fk_reject_vision/2.45s ee=(+0.102,+0.608,+0.301) target=(-0.106,+0.773,+0.009) mode=basket target_label=basket target_src=vision_smooth
[real_action_bridge-4]   flags  home=0 grasp=1 in_target=0 drop=0 attempts=0 phase_override=MOVE_TO_PLACE return_home=0 placed=0
[real_action_bridge-4]   policy ppo=PLACE prior=MOVE_TO_PLACE raw=MOVE_TO_PLACE exec=MOVE_TO_PLACE blocked=0 grip=close dxyz=(-0.005,-0.016,-0.040)
[real_action_bridge-4]   target -
[real_action_bridge-4]   exec   hold: stale boxes stage=IDLE plan=DONE fail=-
[real_action_bridge-4]   age    img=0.98s box=2.47s mot=0.03s grip=0.03s plan=1.17s
[real_action_bridge-4] 
[real_action_bridge-4] [REAL ACTION ARMED] phase=MOVE_TO_PLACE conf=0.85 ok=0
[real_action_bridge-4]   reason object is lifted/grasped obj_z=0.165 ee_z=0.301
[real_action_bridge-4]   state  obj=(+0.170,+0.492,+0.165) src=grasp_fk_reject_vision/2.95s ee=(+0.102,+0.608,+0.301) target=(-0.106,+0.773,+0.009) mode=basket target_label=basket target_src=vision_smooth
[real_action_bridge-4]   flags  home=0 grasp=1 in_target=0 drop=0 attempts=0 phase_override=MOVE_TO_PLACE return_home=0 placed=0
[real_action_bridge-4]   policy ppo=PLACE prior=MOVE_TO_PLACE raw=MOVE_TO_PLACE exec=MOVE_TO_PLACE blocked=0 grip=close dxyz=(-0.006,-0.017,-0.040)
[real_action_bridge-4]   target -
[real_action_bridge-4]   exec   hold: stale boxes stage=IDLE plan=DONE fail=-
[real_action_bridge-4]   age    img=1.48s box=1.48s mot=0.03s grip=0.03s plan=1.67s
[plan_node-2] [INFO] [1782895546.906245087] [plan_node]: [hold 2/3 +2.0s] err(rad): j1=+0.0004  j2=-0.0045  j3=-0.0085  j4=-0.0027  j5=+0.0040  j6=-0.0021  max=0.0085  worst=j3 q=-1.5910 q_des=-1.5837 qd=+0.0624 kp=40.0 kd=4.8 pd_tau=-0.010 tau_ff=-8.052 tau_meas=-8.069
[plan_node-2] [INFO] [1782895546.910493468] [plan_node]: [hold diag j3] err=-0.0073 q=-1.5910 q_des=-1.5837 qd=+0.0624 kp=40.0 kd=4.8 pd_tau=-0.010 tau_ff=-8.052 total=-8.062 tau_meas=-8.069
[real_action_bridge-4] 
[real_action_bridge-4] [REAL ACTION ARMED] phase=MOVE_TO_PLACE conf=0.85 ok=0
[real_action_bridge-4]   reason object is lifted/grasped obj_z=0.164 ee_z=0.301
[real_action_bridge-4]   state  obj=(+0.170,+0.492,+0.164) src=grasp_fk_reject_vision/1.96s ee=(+0.101,+0.608,+0.301) target=(-0.106,+0.773,+0.009) mode=basket target_label=basket target_src=vision_smooth
[real_action_bridge-4]   flags  home=0 grasp=1 in_target=0 drop=0 attempts=0 phase_override=MOVE_TO_PLACE return_home=0 placed=0
[real_action_bridge-4]   policy ppo=PLACE prior=MOVE_TO_PLACE raw=MOVE_TO_PLACE exec=MOVE_TO_PLACE blocked=0 grip=close dxyz=(-0.007,-0.018,-0.040)
[real_action_bridge-4]   target -
[real_action_bridge-4]   exec   hold: stale boxes stage=IDLE plan=DONE fail=-
[real_action_bridge-4]   age    img=0.48s box=1.99s mot=0.04s grip=0.04s plan=2.18s
[real_action_bridge-4] 
[real_action_bridge-4] [REAL ACTION ARMED] phase=MOVE_TO_PLACE conf=0.85 ok=0
[real_action_bridge-4]   reason object is lifted/grasped obj_z=0.163 ee_z=0.299
[real_action_bridge-4]   state  obj=(+0.167,+0.491,+0.163) src=grasp_fk_reject_vision/2.45s ee=(+0.099,+0.608,+0.299) target=(-0.106,+0.773,+0.009) mode=basket target_label=basket target_src=vision_smooth
[real_action_bridge-4]   flags  home=0 grasp=1 in_target=0 drop=0 attempts=0 phase_override=MOVE_TO_PLACE return_home=0 placed=0
[real_action_bridge-4]   policy ppo=PLACE prior=MOVE_TO_PLACE raw=MOVE_TO_PLACE exec=MOVE_TO_PLACE blocked=0 grip=close dxyz=(-0.008,-0.018,-0.040)
[real_action_bridge-4]   target -
[real_action_bridge-4]   exec   hold: stale boxes stage=IDLE plan=DONE fail=-
[real_action_bridge-4]   age    img=0.98s box=2.49s mot=0.04s grip=0.04s plan=2.68s
[plan_node-2] [INFO] [1782895547.934033200] [plan_node]: [hold 3/3 +3.0s] err(rad): j1=-0.0023  j2=-0.0049  j3=-0.0039  j4=-0.0027  j5=+0.0040  j6=-0.0017  max=0.0049  worst=j2 q=-0.3998 q_des=-0.3952 qd=+0.0693 kp=25.0 kd=5.8 pd_tau=-0.287 tau_ff=+13.363 tau_meas=+13.274
[plan_node-2] [INFO] [1782895547.938291650] [plan_node]: [hold diag j3] err=-0.0027 q=-1.5864 q_des=-1.5837 qd=+0.0356 kp=40.0 kd=4.8 pd_tau=-0.064 tau_ff=-8.210 total=-8.274 tau_meas=-8.426
[real_action_bridge-4] 
[real_action_bridge-4] [REAL ACTION ARMED] phase=MOVE_TO_PLACE conf=0.85 ok=0
[real_action_bridge-4]   reason object is lifted/grasped obj_z=0.163 ee_z=0.299
[real_action_bridge-4]   state  obj=(+0.172,+0.490,+0.163) src=grasp_fk_reject_vision/2.95s ee=(+0.103,+0.607,+0.299) target=(-0.106,+0.773,+0.009) mode=basket target_label=basket target_src=vision_smooth
[real_action_bridge-4]   flags  home=0 grasp=1 in_target=0 drop=0 attempts=0 phase_override=MOVE_TO_PLACE return_home=0 placed=0
[real_action_bridge-4]   policy ppo=PLACE prior=MOVE_TO_PLACE raw=MOVE_TO_PLACE exec=MOVE_TO_PLACE blocked=0 grip=close dxyz=(-0.009,-0.019,-0.040)
[real_action_bridge-4]   target -
[real_action_bridge-4]   exec   hold: stale boxes stage=IDLE plan=DONE fail=-
[real_action_bridge-4]   age    img=1.45s box=1.45s mot=0.01s grip=0.01s plan=3.15s
[real_action_bridge-4] [33m[WARN] [1782895548.565412055] [ppo_action_bridge]: ARMED publish /ee_target command=MOVE_TO_PLACE xyz=(-0.116,+0.753,+0.300) yaw=11.6deg line=False note=move over target[0m
[real_action_bridge-4] 
[real_action_bridge-4] [REAL ACTION ARMED] phase=MOVE_TO_PLACE conf=0.85 ok=1
[real_action_bridge-4]   reason object is lifted/grasped obj_z=0.162 ee_z=0.299
[real_action_bridge-4]   state  obj=(+0.169,+0.491,+0.162) src=grasp_fk_reject_vision/0.04s ee=(+0.101,+0.607,+0.299) target=(-0.106,+0.772,+0.009) mode=basket target_label=basket target_src=vision_smooth
[real_action_bridge-4]   flags  home=0 grasp=1 in_target=0 drop=0 attempts=0 phase_override=MOVE_TO_PLACE return_home=0 placed=0
[real_action_bridge-4]   policy ppo=PLACE prior=MOVE_TO_PLACE raw=MOVE_TO_PLACE exec=MOVE_TO_PLACE blocked=0 grip=close dxyz=(-0.010,-0.019,-0.040)
[real_action_bridge-4]   target MOVE_TO_PLACE xyz=(-0.116,+0.753,+0.300) yaw=+11.6(object) line=0 after=-
[real_action_bridge-4]   exec   move over target stage=WAIT_PLAN plan=DONE fail=-
[real_action_bridge-4]   age    img=0.02s box=0.04s mot=0.01s grip=0.01s plan=3.65s
[plan_compute_node-1] [INFO] [1782895548.565680555] [plan_compute_node]: planning [4]: xyz=[-0.1158842071890831, 0.7534417510032654, 0.30000001192092896] yaw=+11.6°
[real_action_bridge-4] 
[real_action_bridge-4] [REAL ACTION ARMED] phase=MOVE_TO_PLACE conf=0.85 ok=0
[real_action_bridge-4]   reason object is lifted/grasped obj_z=0.162 ee_z=0.299
[real_action_bridge-4]   state  obj=(+0.169,+0.491,+0.162) src=grasp_fk_reject_vision/0.03s ee=(+0.101,+0.607,+0.299) target=(-0.106,+0.772,+0.009) mode=basket target_label=basket target_src=vision_smooth
[real_action_bridge-4]   flags  home=0 grasp=1 in_target=0 drop=0 attempts=0 phase_override=MOVE_TO_PLACE return_home=0 placed=0
[real_action_bridge-4]   policy ppo=PLACE prior=MOVE_TO_PLACE raw=MOVE_TO_PLACE exec=MOVE_TO_PLACE blocked=0 grip=close dxyz=(-0.011,-0.019,-0.040)
[real_action_bridge-4]   target MOVE_TO_PLACE xyz=(-0.116,+0.753,+0.300) err=0.261m tol=0.070 after=-
[real_action_bridge-4]   exec   inflight: MOVE_TO_PLACE/WAIT_PLAN stage=WAIT_PLAN plan=PLANNING fail=-
[real_action_bridge-4]   age    img=0.04s box=0.04s mot=0.00s grip=0.00s plan=0.49s
[plan_compute_node-1] [INFO] [1782895549.471913469] [plan_compute_node]: [4] plan ready: duration=2.00s timing(total=0.896s ik=0.277s build=0.000s collision=0.616s cost=0.003s checked=2 safe=2 cand=0/3 j6_dq=0.202rad)
[plan_node-2] [INFO] [1782895549.473530761] [plan_node]: [4] plan received: duration=2.00s
[plan_node-2] [INFO] [1782895549.478372177] [plan_node]: ================================================================
[plan_node-2] [INFO] [1782895549.478699206] [plan_node]: [target 4] xyz=[-0.1158842071890831, 0.7534417510032654, 0.30000001192092896] yaw=+11.6° duration=2.00s
[plan_node-2] [INFO] [1782895549.479037265] [plan_node]: plan committed: xyz=[-0.1158842071890831, 0.7534417510032654, 0.30000001192092896] yaw=+11.6° duration=2.00s drift=0.0013rad
[real_action_bridge-4] 
[real_action_bridge-4] [REAL ACTION ARMED] phase=MOVE_TO_PLACE conf=0.85 ok=0
[real_action_bridge-4]   reason object is lifted/grasped obj_z=0.163 ee_z=0.299
[real_action_bridge-4]   state  obj=(+0.169,+0.491,+0.163) src=grasp_fk_reject_vision/0.04s ee=(+0.100,+0.607,+0.299) target=(-0.106,+0.772,+0.009) mode=basket target_label=basket target_src=vision_smooth
[real_action_bridge-4]   flags  home=0 grasp=1 in_target=0 drop=0 attempts=0 phase_override=MOVE_TO_PLACE return_home=0 placed=0
[real_action_bridge-4]   policy ppo=PLACE prior=MOVE_TO_PLACE raw=MOVE_TO_PLACE exec=MOVE_TO_PLACE blocked=0 grip=close dxyz=(-0.011,-0.020,-0.040)
[real_action_bridge-4]   target MOVE_TO_PLACE xyz=(-0.116,+0.753,+0.300) err=0.261m tol=0.070 after=-
[real_action_bridge-4]   exec   inflight: MOVE_TO_PLACE/WAIT_PLAN stage=WAIT_PLAN plan=EXECUTING fail=-
[real_action_bridge-4]   age    img=0.02s box=0.05s mot=0.01s grip=0.01s plan=0.09s
[real_action_bridge-4] 
[real_action_bridge-4] [REAL ACTION ARMED] phase=MOVE_TO_PLACE conf=0.85 ok=0
[real_action_bridge-4]   reason object is lifted/grasped obj_z=0.183 ee_z=0.316
[real_action_bridge-4]   state  obj=(+0.166,+0.529,+0.183) src=vision/0.05s ee=(+0.084,+0.632,+0.316) target=(-0.106,+0.772,+0.009) mode=basket target_label=basket target_src=vision_smooth
[real_action_bridge-4]   flags  home=0 grasp=1 in_target=0 drop=0 attempts=0 phase_override=MOVE_TO_PLACE return_home=0 placed=0
[real_action_bridge-4]   policy ppo=PLACE prior=MOVE_TO_PLACE raw=MOVE_TO_PLACE exec=MOVE_TO_PLACE blocked=0 grip=close dxyz=(-0.012,-0.020,-0.040)
[real_action_bridge-4]   target MOVE_TO_PLACE xyz=(-0.116,+0.753,+0.300) err=0.235m tol=0.070 after=-
[real_action_bridge-4]   exec   inflight: MOVE_TO_PLACE/WAIT_PLAN stage=WAIT_PLAN plan=EXECUTING fail=-
[real_action_bridge-4]   age    img=0.02s box=0.05s mot=0.00s grip=0.00s plan=0.58s
[real_action_bridge-4] 
[real_action_bridge-4] [REAL ACTION ARMED] phase=MOVE_TO_PLACE conf=0.85 ok=0
[real_action_bridge-4]   reason object is lifted/grasped obj_z=0.179 ee_z=0.312
[real_action_bridge-4]   state  obj=(+0.072,+0.600,+0.179) src=grasp_fk_reject_vision/0.05s ee=(-0.010,+0.704,+0.312) target=(-0.106,+0.772,+0.009) mode=basket target_label=basket target_src=vision_memory
[real_action_bridge-4]   flags  home=0 grasp=1 in_target=0 drop=0 attempts=0 phase_override=MOVE_TO_PLACE return_home=0 placed=0
[real_action_bridge-4]   policy ppo=PLACE prior=MOVE_TO_PLACE raw=MOVE_TO_PLACE exec=MOVE_TO_PLACE blocked=0 grip=close dxyz=(-0.009,-0.017,-0.040)
[real_action_bridge-4]   target MOVE_TO_PLACE xyz=(-0.116,+0.753,+0.300) err=0.118m tol=0.070 after=-
[real_action_bridge-4]   exec   inflight: MOVE_TO_PLACE/WAIT_PLAN stage=WAIT_PLAN plan=EXECUTING fail=-
[real_action_bridge-4]   age    img=0.02s box=0.06s mot=0.00s grip=0.00s plan=1.08s
[real_action_bridge-4] 
[real_action_bridge-4] [REAL ACTION ARMED] phase=MOVE_TO_PLACE conf=0.85 ok=0
[real_action_bridge-4]   reason object is lifted/grasped obj_z=0.167 ee_z=0.301
[real_action_bridge-4]   state  obj=(-0.015,+0.644,+0.167) src=grasp_fk_reject_vision/0.06s ee=(-0.097,+0.747,+0.301) target=(-0.106,+0.772,+0.009) mode=basket target_label=basket target_src=vision_memory
[real_action_bridge-4]   flags  home=0 grasp=1 in_target=0 drop=0 attempts=0 phase_override=MOVE_TO_PLACE return_home=0 placed=0
[real_action_bridge-4]   policy ppo=PLACE prior=MOVE_TO_PLACE raw=MOVE_TO_PLACE exec=MOVE_TO_PLACE blocked=0 grip=close dxyz=(-0.008,-0.017,-0.040)
[real_action_bridge-4]   target MOVE_TO_PLACE xyz=(-0.116,+0.753,+0.300) err=0.020m tol=0.070 after=-
[real_action_bridge-4]   exec   inflight: MOVE_TO_PLACE/WAIT_PLAN stage=WAIT_PLAN plan=EXECUTING fail=-
[real_action_bridge-4]   age    img=0.03s box=0.03s mot=0.00s grip=0.00s plan=1.58s
[plan_node-2] [INFO] [1782895551.482092059] [plan_node]: hold q_final target(rad): j1=+1.1966  j2=-0.7931  j3=-2.2583  j4=-0.1056  j5=-1.5708  j6=-0.1717
[plan_node-2] [INFO] [1782895551.482423677] [plan_node]: hold start actual(rad): j1=+1.2029  j2=-0.7864  j3=-2.2563  j4=-0.1083  j5=-1.5687  j6=-0.1643
[plan_node-2] [INFO] [1782895551.482741108] [plan_node]: hold start err(rad): j1=+0.0062  j2=+0.0068  j3=+0.0020  j4=-0.0027  j5=+0.0021  j6=+0.0074
[plan_node-2] [INFO] [1782895551.483108863] [plan_node]: trajectory complete — settling toward q_final
[real_action_bridge-4] 
[real_action_bridge-4] [REAL ACTION ARMED] phase=MOVE_TO_PLACE conf=0.85 ok=0
[real_action_bridge-4]   reason object is lifted/grasped obj_z=0.172 ee_z=0.306
[real_action_bridge-4]   state  obj=(-0.032,+0.650,+0.172) src=grasp_fk_reject_vision/0.03s ee=(-0.114,+0.753,+0.306) target=(-0.106,+0.772,+0.009) mode=basket target_label=basket target_src=vision_memory
[real_action_bridge-4]   flags  home=0 grasp=1 in_target=0 drop=0 attempts=0 phase_override=MOVE_TO_PLACE return_home=0 placed=0
[real_action_bridge-4]   policy ppo=PLACE prior=MOVE_TO_PLACE raw=MOVE_TO_PLACE exec=MOVE_TO_PLACE blocked=0 grip=close dxyz=(-0.008,-0.020,-0.040)
[real_action_bridge-4]   target MOVE_TO_PLACE xyz=(-0.116,+0.753,+0.300) err=0.006m tol=0.070 after=-
[real_action_bridge-4]   exec   inflight: MOVE_TO_PLACE/WAIT_PLAN stage=WAIT_PLAN plan=EXECUTING fail=-
[real_action_bridge-4]   age    img=0.04s box=0.04s mot=0.00s grip=0.00s plan=2.08s
[plan_node-2] [INFO] [1782895551.612192195] [plan_node]: settled in 0.53s: max_err=0.0074rad vel=0.1041rad/s — DONE
[plan_node-2] [INFO] [1782895551.612573104] [plan_node]: hold actual_q latched after settled: max_q_final_err=0.0074rad threshold=0.0550rad settle_vel=0.1041rad/s
[real_action_bridge-4] [33m[WARN] [1782895551.613892822] [ppo_action_bridge]: phase override set: command=MOVE_TO_PLACE -> phase=PLACE reason=plan_done[0m
[real_action_bridge-4] [33m[WARN] [1782895551.614571356] [ppo_action_bridge]: transaction SUCCESS: command=MOVE_TO_PLACE reason=plan_done[0m
[real_action_bridge-4] [33m[WARN] [1782895552.060791508] [ppo_action_bridge]: ARMED publish /ee_target command=PLACE xyz=(-0.121,+0.752,+0.230) yaw=16.0deg line=True note=lower at current xy then open gripper[0m
[real_action_bridge-4] 
[real_action_bridge-4] [REAL ACTION ARMED] phase=PLACE conf=0.85 ok=1
[real_action_bridge-4]   reason command-confirmed PLACE; sensor=MOVE_TO_PLACE (object is lifted/grasped obj_z=0.170 ee_z=0.304); MOVE_TO_PLACE success (plan_done)
[real_action_bridge-4]   state  obj=(-0.040,+0.648,+0.170) src=grasp_fk_reject_vision/0.04s ee=(-0.121,+0.752,+0.304) target=(-0.106,+0.772,+0.009) mode=basket target_label=basket target_src=vision_memory
[real_action_bridge-4]   flags  home=0 grasp=1 in_target=0 drop=0 attempts=0 phase_override=PLACE return_home=0 placed=0
[real_action_bridge-4]   policy ppo=PLACE prior=PLACE raw=PLACE exec=PLACE blocked=0 grip=open dxyz=(+0.022,+0.015,-0.012)
[real_action_bridge-4]   target PLACE xyz=(-0.121,+0.752,+0.230) yaw=+16.0(object) line=1 after=open
[real_action_bridge-4]   exec   lower at current xy then open gripper stage=WAIT_PLAN plan=DONE fail=-
[real_action_bridge-4]   age    img=0.01s box=0.04s mot=0.00s grip=0.00s plan=0.45s
[plan_compute_node-1] [INFO] [1782895552.061146038] [plan_compute_node]: planning [5] (straight line): [-0.12132788518386065, 0.7515709972492818, 0.30373365539581254] → [-0.12132788449525833, 0.751570999622345, 0.23000000417232513] duration=1.00s
[plan_node-2] [INFO] [1782895552.518021835] [plan_node]: [5] plan received: duration=1.00s
[plan_compute_node-1] [INFO] [1782895552.520632396] [plan_compute_node]: [5] straight-line plan ready: duration=1.00s timing(total=0.456s ik=- build=- collision=- cost=- checked=- safe=- cand=- j6_dq=-)
[plan_node-2] [INFO] [1782895552.523374723] [plan_node]: ================================================================
[plan_node-2] [INFO] [1782895552.523742508] [plan_node]: [target 5] xyz=[-0.12132788449525833, 0.751570999622345, 0.23000000417232513] yaw=+16.0° duration=1.00s
[plan_node-2] [INFO] [1782895552.524057244] [plan_node]: plan committed: xyz=[-0.12132788449525833, 0.751570999622345, 0.23000000417232513] yaw=+16.0° duration=1.00s drift=0.0016rad
[real_action_bridge-4] 
[real_action_bridge-4] [REAL ACTION ARMED] phase=PLACE conf=0.85 ok=0
[real_action_bridge-4]   reason held PLACE for 0.5/8.0s; instant=MOVE_TO_PLACE (object is lifted/grasped obj_z=0.170 ee_z=0.303)
[real_action_bridge-4]   state  obj=(-0.039,+0.648,+0.170) src=grasp_fk_reject_vision/0.05s ee=(-0.121,+0.751,+0.303) target=(-0.106,+0.772,+0.009) mode=basket target_label=basket target_src=vision_memory
[real_action_bridge-4]   flags  home=0 grasp=1 in_target=0 drop=0 attempts=0 phase_override=PLACE return_home=0 placed=0
[real_action_bridge-4]   policy ppo=PLACE prior=PLACE raw=PLACE exec=PLACE blocked=0 grip=open dxyz=(+0.022,+0.014,-0.014)
[real_action_bridge-4]   target PLACE xyz=(-0.121,+0.752,+0.230) err=0.073m tol=0.070 after=open
[real_action_bridge-4]   exec   inflight: PLACE/WAIT_PLAN stage=WAIT_PLAN plan=EXECUTING fail=-
[real_action_bridge-4]   age    img=0.02s box=0.05s mot=0.00s grip=0.00s plan=0.04s
[real_action_bridge-4] 
[real_action_bridge-4] [REAL ACTION ARMED] phase=PLACE conf=0.85 ok=0
[real_action_bridge-4]   reason held PLACE for 1.0/8.0s; instant=MOVE_TO_PLACE (object is lifted/grasped obj_z=0.147 ee_z=0.280)
[real_action_bridge-4]   state  obj=(-0.040,+0.650,+0.147) src=grasp_fk_reject_vision/0.05s ee=(-0.122,+0.753,+0.280) target=(-0.106,+0.772,+0.009) mode=basket target_label=basket target_src=vision_memory
[real_action_bridge-4]   flags  home=0 grasp=1 in_target=0 drop=0 attempts=0 phase_override=PLACE return_home=0 placed=0
[real_action_bridge-4]   policy ppo=PLACE prior=PLACE raw=PLACE exec=PLACE blocked=0 grip=open dxyz=(+0.019,+0.013,-0.015)
[real_action_bridge-4]   target PLACE xyz=(-0.121,+0.752,+0.230) err=0.050m tol=0.070 after=open
[real_action_bridge-4]   exec   inflight: PLACE/WAIT_PLAN stage=WAIT_PLAN plan=EXECUTING fail=-
[real_action_bridge-4]   age    img=0.02s box=0.05s mot=0.00s grip=0.00s plan=0.54s
[plan_node-2] [INFO] [1782895553.526022362] [plan_node]: hold q_final target(rad): j1=+1.1889  j2=-0.8321  j3=-2.1162  j4=-0.2867  j5=-1.5708  j6=-0.1029
[plan_node-2] [INFO] [1782895553.526371212] [plan_node]: hold start actual(rad): j1=+1.1890  j2=-0.8209  j3=-2.1133  j4=-0.2836  j5=-1.5695  j6=-0.1030
[plan_node-2] [INFO] [1782895553.526691578] [plan_node]: hold start err(rad): j1=+0.0001  j2=+0.0113  j3=+0.0029  j4=+0.0031  j5=+0.0013  j6=-0.0001
[plan_node-2] [INFO] [1782895553.527083849] [plan_node]: trajectory complete — settling toward q_final
[real_action_bridge-4] 
[real_action_bridge-4] [REAL ACTION ARMED] phase=PLACE conf=0.85 ok=0
[real_action_bridge-4]   reason held PLACE for 1.5/8.0s; instant=MOVE_TO_PLACE (object is lifted/grasped obj_z=0.101 ee_z=0.234)
[real_action_bridge-4]   state  obj=(-0.039,+0.647,+0.101) src=grasp_fk_reject_vision/0.06s ee=(-0.121,+0.750,+0.234) target=(-0.106,+0.772,+0.009) mode=basket target_label=basket target_src=vision_memory
[real_action_bridge-4]   flags  home=0 grasp=1 in_target=0 drop=0 attempts=0 phase_override=PLACE return_home=0 placed=0
[real_action_bridge-4]   policy ppo=PLACE prior=PLACE raw=PLACE exec=PLACE blocked=0 grip=open dxyz=(+0.017,+0.010,-0.022)
[real_action_bridge-4]   target PLACE xyz=(-0.121,+0.752,+0.230) err=0.005m tol=0.070 after=open
[real_action_bridge-4]   exec   inflight: PLACE/WAIT_PLAN stage=WAIT_PLAN plan=EXECUTING fail=-
[real_action_bridge-4]   age    img=0.03s box=0.03s mot=0.00s grip=0.00s plan=1.04s
[plan_node-2] [INFO] [1782895553.716177755] [plan_node]: settled in 0.59s: max_err=0.0030rad vel=0.0906rad/s — DONE
[plan_node-2] [INFO] [1782895553.716533438] [plan_node]: hold actual_q latched after settled: max_q_final_err=0.0030rad threshold=0.0550rad settle_vel=0.0906rad/s
[gripper_node-3] [INFO] [1782895553.717694911] [gripper_node]: gripper: open commanded
[real_action_bridge-4] [33m[WARN] [1782895553.717744142] [ppo_action_bridge]: PLACE motion/open done; waiting for object_in_target before success[0m
[real_action_bridge-4] [33m[WARN] [1782895554.059975225] [ppo_action_bridge]: phase override set: command=PLACE -> phase=RETREAT reason=place_verified[0m
[real_action_bridge-4] [33m[WARN] [1782895554.060390218] [ppo_action_bridge]: transaction SUCCESS: command=PLACE reason=place_verified[0m
[real_action_bridge-4] [33m[WARN] [1782895554.061261180] [ppo_action_bridge]: ARMED publish /ee_target command=RECOVERY xyz=(-0.124,+0.752,+0.350) yaw=28.8deg line=True note=pre-home vertical retreat[0m
[real_action_bridge-4] 
[real_action_bridge-4] [REAL ACTION ARMED] phase=RETREAT conf=0.90 ok=1
[real_action_bridge-4]   reason object in target and gripper released
[real_action_bridge-4]   state  obj=(-0.145,+0.869,+0.009) src=vision/0.03s ee=(-0.124,+0.752,+0.239) target=(-0.106,+0.772,+0.009) mode=basket target_label=basket target_src=vision_memory
[real_action_bridge-4]   flags  home=0 grasp=0 in_target=1 drop=0 attempts=0 phase_override=RETREAT return_home=0 placed=1
[real_action_bridge-4]   policy ppo=HOME prior=HOME raw=HOME exec=HOME blocked=0 grip=open dxyz=(+0.035,+0.013,+0.011)
[real_action_bridge-4]   target RECOVERY xyz=(-0.124,+0.752,+0.350) yaw=+28.8(object) line=1 after=-
[real_action_bridge-4]   exec   pre-home vertical retreat stage=WAIT_PLAN plan=DONE fail=-
[real_action_bridge-4]   age    img=0.04s box=0.04s mot=0.01s grip=0.01s plan=0.34s
[plan_compute_node-1] [INFO] [1782895554.061787921] [plan_compute_node]: planning [6] (straight line): [-0.12374169585473983, 0.751883256794593, 0.23939865036713306] → [-0.12402994185686111, 0.7518357634544373, 0.3499999940395355] duration=1.00s
[plan_compute_node-1] [INFO] [1782895554.534878034] [plan_compute_node]: [6] straight-line plan ready: duration=1.00s timing(total=0.472s ik=- build=- collision=- cost=- checked=- safe=- cand=- j6_dq=-)
[plan_node-2] [INFO] [1782895554.536835019] [plan_node]: [6] plan received: duration=1.00s
[plan_node-2] [INFO] [1782895554.542599443] [plan_node]: ================================================================
[plan_node-2] [INFO] [1782895554.542968791] [plan_node]: [target 6] xyz=[-0.12402994185686111, 0.7518357634544373, 0.3499999940395355] yaw=+28.8° duration=1.10s
[plan_node-2] [INFO] [1782895554.543310758] [plan_node]: plan committed: xyz=[-0.12402994185686111, 0.7518357634544373, 0.3499999940395355] yaw=+28.8° duration=1.10s drift=0.0009rad
[real_action_bridge-4] 
[real_action_bridge-4] [REAL ACTION ARMED] phase=RETREAT conf=0.90 ok=0
[real_action_bridge-4]   reason object in target and gripper released
[real_action_bridge-4]   state  obj=(-0.150,+0.869,+0.009) src=vision/0.04s ee=(-0.124,+0.752,+0.239) target=(-0.106,+0.772,+0.009) mode=basket target_label=basket target_src=vision_memory
[real_action_bridge-4]   flags  home=0 grasp=0 in_target=1 drop=0 attempts=0 phase_override=RETREAT return_home=0 placed=1
[real_action_bridge-4]   policy ppo=HOME prior=HOME raw=HOME exec=HOME blocked=0 grip=open dxyz=(+0.024,+0.007,-0.000)
[real_action_bridge-4]   target RECOVERY xyz=(-0.124,+0.752,+0.350) err=0.111m tol=0.070 after=-
[real_action_bridge-4]   exec   inflight: RECOVERY/WAIT_PLAN stage=WAIT_PLAN plan=EXECUTING fail=-
[real_action_bridge-4]   age    img=0.01s box=0.04s mot=0.00s grip=0.00s plan=0.02s
[real_action_bridge-4] 
[real_action_bridge-4] [REAL ACTION ARMED] phase=RETREAT conf=0.90 ok=0
[real_action_bridge-4]   reason object in target and gripper released
[real_action_bridge-4]   state  obj=(-0.178,+0.859,+0.009) src=vision/0.05s ee=(-0.125,+0.757,+0.279) target=(-0.106,+0.772,+0.009) mode=basket target_label=basket target_src=vision_memory
[real_action_bridge-4]   flags  home=0 grasp=0 in_target=1 drop=0 attempts=0 phase_override=RETREAT return_home=0 placed=1
[real_action_bridge-4]   policy ppo=HOME prior=HOME raw=HOME exec=HOME blocked=0 grip=open dxyz=(+0.024,+0.006,-0.000)
[real_action_bridge-4]   target RECOVERY xyz=(-0.124,+0.752,+0.350) err=0.071m tol=0.070 after=-
[real_action_bridge-4]   exec   inflight: RECOVERY/WAIT_PLAN stage=WAIT_PLAN plan=EXECUTING fail=-
[real_action_bridge-4]   age    img=0.02s box=0.05s mot=0.01s grip=0.01s plan=0.52s
[real_action_bridge-4] 
[real_action_bridge-4] [REAL ACTION ARMED] phase=RETREAT conf=0.90 ok=0
[real_action_bridge-4]   reason object in target and gripper released
[real_action_bridge-4]   state  obj=(-0.145,+0.871,+0.009) src=vision/0.05s ee=(-0.125,+0.755,+0.341) target=(-0.246,+0.415,+0.009) mode=basket target_label=basket target_src=vision
[real_action_bridge-4]   flags  home=0 grasp=0 in_target=1 drop=0 attempts=0 phase_override=RETREAT return_home=0 placed=1
[real_action_bridge-4]   policy ppo=HOME prior=HOME raw=HOME exec=HOME blocked=0 grip=open dxyz=(+0.022,+0.005,-0.002)
[real_action_bridge-4]   target RECOVERY xyz=(-0.124,+0.752,+0.350) err=0.010m tol=0.070 after=-
[real_action_bridge-4]   exec   inflight: RECOVERY/WAIT_PLAN stage=WAIT_PLAN plan=EXECUTING fail=-
[real_action_bridge-4]   age    img=0.02s box=0.05s mot=0.00s grip=0.00s plan=1.02s
[plan_node-2] [INFO] [1782895555.642007297] [plan_node]: hold q_final target(rad): j1=+1.1857  j2=-0.7866  j3=-2.3977  j4=+0.0403  j5=-1.5708  j6=+0.1181
[plan_node-2] [INFO] [1782895555.642346629] [plan_node]: hold start actual(rad): j1=+1.1860  j2=-0.7948  j3=-2.3944  j4=+0.0416  j5=-1.5695  j6=+0.1210
[plan_node-2] [INFO] [1782895555.642635918] [plan_node]: hold start err(rad): j1=+0.0003  j2=-0.0082  j3=+0.0033  j4=+0.0013  j5=+0.0013  j6=+0.0029
[plan_node-2] [INFO] [1782895555.642908605] [plan_node]: trajectory complete — settling toward q_final
[real_action_bridge-4] 
[real_action_bridge-4] [REAL ACTION ARMED] phase=RETREAT conf=0.90 ok=0
[real_action_bridge-4]   reason object in target and gripper released
[real_action_bridge-4]   state  obj=(-0.136,+0.870,+0.009) src=vision/0.06s ee=(-0.123,+0.751,+0.351) target=(-0.253,+0.414,+0.009) mode=basket target_label=basket target_src=vision
[real_action_bridge-4]   flags  home=0 grasp=0 in_target=1 drop=0 attempts=0 phase_override=RETREAT return_home=0 placed=1
[real_action_bridge-4]   policy ppo=HOME prior=HOME raw=HOME exec=HOME blocked=0 grip=open dxyz=(+0.021,+0.004,-0.004)
[real_action_bridge-4]   target RECOVERY xyz=(-0.124,+0.752,+0.350) err=0.001m tol=0.070 after=-
[real_action_bridge-4]   exec   inflight: RECOVERY/WAIT_PLAN stage=WAIT_PLAN plan=EXECUTING fail=-
[real_action_bridge-4]   age    img=0.03s box=0.06s mot=0.00s grip=0.00s plan=1.52s
[plan_node-2] [INFO] [1782895556.081186271] [plan_node]: settled in 0.84s: max_err=0.0033rad vel=0.0866rad/s — DONE
[plan_node-2] [INFO] [1782895556.081613517] [plan_node]: hold actual_q latched after settled: max_q_final_err=0.0033rad threshold=0.0550rad settle_vel=0.0866rad/s
[real_action_bridge-4] [33m[WARN] [1782895556.082495990] [ppo_action_bridge]: transaction SUCCESS: command=RECOVERY reason=plan_done[0m
[real_action_bridge-4] 
[real_action_bridge-4] [REAL ACTION ARMED] phase=RETREAT conf=0.90 ok=1
[real_action_bridge-4]   reason object in target and gripper released
[real_action_bridge-4]   state  obj=(-0.137,+0.871,+0.009) src=vision/0.48s ee=(-0.129,+0.753,+0.352) target=(-0.237,+0.409,+0.009) mode=basket target_label=basket target_src=vision
[real_action_bridge-4]   flags  home=0 grasp=0 in_target=1 drop=0 attempts=0 phase_override=RETREAT return_home=0 placed=1
[real_action_bridge-4]   policy ppo=HOME prior=HOME raw=HOME exec=HOME blocked=0 grip=open dxyz=(+0.021,+0.008,-0.003)
[real_action_bridge-4]   target HOME xyz=(+0.000,+0.000,+0.000) yaw=+0.0(object) line=0 after=open
[real_action_bridge-4]   exec   go_home service stage=WAIT_HOME plan=DONE fail=-
[real_action_bridge-4]   age    img=0.46s box=0.52s mot=0.04s grip=0.04s plan=0.52s
[gripper_node-3] [INFO] [1782895556.607969366] [gripper_node]: gripper: open commanded
[real_action_bridge-4] 
[real_action_bridge-4] [REAL ACTION ARMED] phase=RETREAT conf=0.90 ok=0
[real_action_bridge-4]   reason object in target and gripper released
[real_action_bridge-4]   state  obj=(-0.137,+0.871,+0.009) src=vision/0.99s ee=(-0.134,+0.749,+0.346) target=(-0.237,+0.409,+0.009) mode=basket target_label=basket target_src=vision
[real_action_bridge-4]   flags  home=0 grasp=0 in_target=1 drop=0 attempts=0 phase_override=RETREAT return_home=0 placed=1
[real_action_bridge-4]   policy ppo=HOME prior=HOME raw=HOME exec=HOME blocked=0 grip=open dxyz=(+0.020,+0.007,-0.005)
[real_action_bridge-4]   target HOME xyz=(+0.000,+0.000,+0.000) err=- tol=0.070 after=open
[real_action_bridge-4]   exec   inflight: HOME/WAIT_HOME stage=WAIT_HOME plan=PLANNING fail=-
[real_action_bridge-4]   age    img=0.95s box=1.01s mot=0.03s grip=0.03s plan=0.42s
[plan_node-2] [INFO] [1782895557.128931541] [plan_node]: [hold 1/3 +1.0s] err(rad): j1=-0.0146  j2=+0.0017  j3=+0.0129  j4=-0.0037  j5=+0.0029  j6=+0.0029  max=0.0146  worst=j1 q=+1.1710 q_des=+1.1860 qd=-0.0530 kp=35.0 kd=5.0 pd_tau=+0.789 tau_ff=-0.235 tau_meas=+0.043
[plan_node-2] [INFO] [1782895557.133907678] [plan_node]: [hold diag j3] err=+0.0096 q=-2.3848 q_des=-2.3944 qd=-0.1068 kp=40.0 kd=4.8 pd_tau=+0.132 tau_ff=-9.386 total=-9.253 tau_meas=-8.948
[real_action_bridge-4] 
[real_action_bridge-4] [REAL ACTION ARMED] phase=RETREAT conf=0.90 ok=0
[real_action_bridge-4]   reason object in target and gripper released
[real_action_bridge-4]   state  obj=(-0.140,+0.872,+0.009) src=vision/1.43s ee=(-0.132,+0.751,+0.352) target=(-0.240,+0.409,+0.009) mode=basket target_label=basket target_src=vision
[real_action_bridge-4]   flags  home=0 grasp=0 in_target=1 drop=0 attempts=0 phase_override=RETREAT return_home=0 placed=1
[real_action_bridge-4]   policy ppo=HOME prior=HOME raw=HOME exec=HOME blocked=0 grip=open dxyz=(+0.018,+0.006,-0.007)
[real_action_bridge-4]   target HOME xyz=(+0.000,+0.000,+0.000) err=- tol=0.070 after=open
[real_action_bridge-4]   exec   inflight: HOME/WAIT_HOME stage=WAIT_HOME plan=PLANNING fail=-
[real_action_bridge-4]   age    img=0.11s box=1.45s mot=0.03s grip=0.03s plan=0.92s
[real_action_bridge-4] 
[real_action_bridge-4] [REAL ACTION ARMED] phase=RETREAT conf=0.90 ok=0
[real_action_bridge-4]   reason object in target and gripper released
[real_action_bridge-4]   state  obj=(-0.140,+0.872,+0.009) src=vision/1.92s ee=(-0.131,+0.751,+0.353) target=(-0.240,+0.409,+0.009) mode=basket target_label=basket target_src=vision
[real_action_bridge-4]   flags  home=0 grasp=0 in_target=1 drop=0 attempts=0 phase_override=RETREAT return_home=0 placed=1
[real_action_bridge-4]   policy ppo=HOME prior=HOME raw=HOME exec=HOME blocked=0 grip=open dxyz=(+0.016,+0.004,-0.009)
[real_action_bridge-4]   target HOME xyz=(+0.000,+0.000,+0.000) err=- tol=0.070 after=open
[real_action_bridge-4]   exec   inflight: HOME/WAIT_HOME stage=WAIT_HOME plan=PLANNING fail=-
[real_action_bridge-4]   age    img=0.61s box=1.95s mot=0.04s grip=0.04s plan=1.42s
[plan_node-2] [INFO] [1782895558.142360368] [plan_node]: [hold 2/3 +2.0s] err(rad): j1=-0.0097  j2=+0.0013  j3=-0.0040  j4=-0.0041  j5=+0.0040  j6=+0.0022  max=0.0097  worst=j1 q=+1.1760 q_des=+1.1860 qd=-0.1081 kp=35.0 kd=5.0 pd_tau=+0.889 tau_ff=-0.469 tau_meas=-0.057
[plan_node-2] [INFO] [1782895558.148350974] [plan_node]: [hold diag j3] err=-0.0073 q=-2.4017 q_des=-2.3944 qd=-0.1094 kp=40.0 kd=4.8 pd_tau=+0.820 tau_ff=-9.130 total=-8.310 tau_meas=-8.730
[real_action_bridge-4] 
[real_action_bridge-4] [REAL ACTION ARMED] phase=RETREAT conf=0.90 ok=0
[real_action_bridge-4]   reason object in target and gripper released
[real_action_bridge-4]   state  obj=(-0.138,+0.871,+0.009) src=vision/1.08s ee=(-0.130,+0.751,+0.350) target=(-0.244,+0.399,+0.009) mode=basket target_label=basket target_src=vision
[real_action_bridge-4]   flags  home=0 grasp=0 in_target=1 drop=0 attempts=0 phase_override=RETREAT return_home=0 placed=1
[real_action_bridge-4]   policy ppo=HOME prior=HOME raw=HOME exec=HOME blocked=0 grip=open dxyz=(+0.015,+0.003,-0.010)
[real_action_bridge-4]   target HOME xyz=(+0.000,+0.000,+0.000) err=- tol=0.070 after=open
[real_action_bridge-4]   exec   inflight: HOME/WAIT_HOME stage=WAIT_HOME plan=PLANNING fail=-
[real_action_bridge-4]   age    img=0.20s box=1.11s mot=0.04s grip=0.04s plan=1.93s
[real_action_bridge-4] 
[real_action_bridge-4] [REAL ACTION ARMED] phase=RETREAT conf=0.90 ok=0
[real_action_bridge-4]   reason object in target and gripper released
[real_action_bridge-4]   state  obj=(-0.138,+0.871,+0.009) src=vision/1.58s ee=(-0.130,+0.750,+0.347) target=(-0.244,+0.399,+0.009) mode=basket target_label=basket target_src=vision
[real_action_bridge-4]   flags  home=0 grasp=0 in_target=1 drop=0 attempts=0 phase_override=RETREAT return_home=0 placed=1
[real_action_bridge-4]   policy ppo=HOME prior=HOME raw=HOME exec=HOME blocked=0 grip=open dxyz=(+0.013,+0.002,-0.012)
[real_action_bridge-4]   target HOME xyz=(+0.000,+0.000,+0.000) err=- tol=0.070 after=open
[real_action_bridge-4]   exec   inflight: HOME/WAIT_HOME stage=WAIT_HOME plan=PLANNING fail=-
[real_action_bridge-4]   age    img=0.70s box=1.61s mot=0.04s grip=0.04s plan=2.43s
[plan_node-2] [INFO] [1782895559.131269305] [plan_node]: [hold 3/3 +3.0s] err(rad): j1=-0.0097  j2=+0.0021  j3=+0.0106  j4=-0.0052  j5=+0.0032  j6=+0.0025  max=0.0106  worst=j3 q=-2.3871 q_des=-2.3944 qd=+0.0826 kp=40.0 kd=4.8 pd_tau=-0.690 tau_ff=-8.473 tau_meas=-8.813
[plan_node-2] [INFO] [1782895559.136424865] [plan_node]: [hold diag j3] err=+0.0073 q=-2.3871 q_des=-2.3944 qd=+0.0826 kp=40.0 kd=4.8 pd_tau=-0.690 tau_ff=-8.473 total=-9.163 tau_meas=-8.813
[real_action_bridge-4] 
[real_action_bridge-4] [REAL ACTION ARMED] phase=RETREAT conf=0.90 ok=0
[real_action_bridge-4]   reason object in target and gripper released
[real_action_bridge-4]   state  obj=(-0.138,+0.871,+0.009) src=vision/2.08s ee=(-0.132,+0.751,+0.353) target=(-0.244,+0.399,+0.009) mode=basket target_label=basket target_src=vision
[real_action_bridge-4]   flags  home=0 grasp=0 in_target=1 drop=0 attempts=0 phase_override=RETREAT return_home=0 placed=1
[real_action_bridge-4]   policy ppo=HOME prior=HOME raw=HOME exec=HOME blocked=0 grip=open dxyz=(+0.012,+0.001,-0.014)
[real_action_bridge-4]   target HOME xyz=(+0.000,+0.000,+0.000) err=- tol=0.070 after=open
[real_action_bridge-4]   exec   inflight: HOME/WAIT_HOME stage=WAIT_HOME plan=PLANNING fail=-
[real_action_bridge-4]   age    img=1.20s box=1.20s mot=0.03s grip=0.03s plan=2.92s
[real_action_bridge-4] 
[real_action_bridge-4] [REAL ACTION ARMED] phase=RETREAT conf=0.90 ok=0
[real_action_bridge-4]   reason object in target and gripper released
[real_action_bridge-4]   state  obj=(-0.142,+0.870,+0.009) src=vision/1.68s ee=(-0.129,+0.750,+0.349) target=(-0.246,+0.406,+0.009) mode=basket target_label=basket target_src=vision
[real_action_bridge-4]   flags  home=0 grasp=0 in_target=1 drop=0 attempts=0 phase_override=RETREAT return_home=0 placed=1
[real_action_bridge-4]   policy ppo=HOME prior=HOME raw=HOME exec=HOME blocked=0 grip=open dxyz=(+0.010,-0.000,-0.015)
[real_action_bridge-4]   target HOME xyz=(+0.000,+0.000,+0.000) err=- tol=0.070 after=open
[real_action_bridge-4]   exec   inflight: HOME/WAIT_HOME stage=WAIT_HOME plan=PLANNING fail=-
[real_action_bridge-4]   age    img=0.48s box=1.71s mot=0.04s grip=0.04s plan=3.43s
[plan_compute_node-1] [INFO] [1782895560.296883803] [plan_compute_node]: [7] go_home direct: duration=5.61s
[plan_node-2] [INFO] [1782895560.340370375] [plan_node]: [7] plan received: duration=5.61s
[plan_node-2] [INFO] [1782895560.419863812] [plan_node]: ================================================================
[plan_node-2] [INFO] [1782895560.425265932] [plan_node]: [target 7] xyz=[0.0, 0.0, 0.0] yaw=+0.0° duration=5.62s
[plan_node-2] [INFO] [1782895560.431033513] [plan_node]: plan committed: xyz=[0.0, 0.0, 0.0] yaw=+0.0° duration=5.62s drift=0.0094rad
[real_action_bridge-4] 
[real_action_bridge-4] [REAL ACTION ARMED] phase=RETREAT conf=0.90 ok=0
[real_action_bridge-4]   reason object in target and gripper released
[real_action_bridge-4]   state  obj=(-0.142,+0.870,+0.009) src=vision/2.17s ee=(-0.132,+0.750,+0.354) target=(-0.246,+0.406,+0.009) mode=basket target_label=basket target_src=vision
[real_action_bridge-4]   flags  home=0 grasp=0 in_target=1 drop=0 attempts=0 phase_override=RETREAT return_home=0 placed=1
[real_action_bridge-4]   policy ppo=HOME prior=HOME raw=HOME exec=HOME blocked=0 grip=open dxyz=(+0.009,-0.001,-0.017)
[real_action_bridge-4]   target HOME xyz=(+0.000,+0.000,+0.000) err=- tol=0.070 after=open
[real_action_bridge-4]   exec   inflight: HOME/WAIT_HOME stage=WAIT_HOME plan=EXECUTING fail=-
[real_action_bridge-4]   age    img=0.97s box=2.20s mot=0.04s grip=0.03s plan=0.17s
[real_action_bridge-4] 
[real_action_bridge-4] [REAL ACTION ARMED] phase=RETREAT conf=0.90 ok=0
[real_action_bridge-4]   reason object in target and gripper released
[real_action_bridge-4]   state  obj=(-0.142,+0.870,+0.009) src=vision/2.67s ee=(-0.132,+0.749,+0.345) target=(-0.246,+0.406,+0.009) mode=basket target_label=basket target_src=vision
[real_action_bridge-4]   flags  home=0 grasp=0 in_target=1 drop=0 attempts=0 phase_override=RETREAT return_home=0 placed=1
[real_action_bridge-4]   policy ppo=HOME prior=HOME raw=HOME exec=HOME blocked=0 grip=open dxyz=(+0.007,-0.002,-0.018)
[real_action_bridge-4]   target HOME xyz=(+0.000,+0.000,+0.000) err=- tol=0.070 after=open
[real_action_bridge-4]   exec   inflight: HOME/WAIT_HOME stage=WAIT_HOME plan=EXECUTING fail=-
[real_action_bridge-4]   age    img=1.47s box=1.47s mot=0.03s grip=0.03s plan=0.66s
[real_action_bridge-4] 
[real_action_bridge-4] [REAL ACTION ARMED] phase=RETREAT conf=0.90 ok=0
[real_action_bridge-4]   reason object in target and gripper released
[real_action_bridge-4]   state  obj=(-0.230,+0.875,+0.009) src=vision/0.04s ee=(-0.141,+0.729,+0.301) target=(-0.246,+0.406,+0.009) mode=basket target_label=basket target_src=vision_memory
[real_action_bridge-4]   flags  home=0 grasp=0 in_target=1 drop=0 attempts=0 phase_override=RETREAT return_home=0 placed=1
[real_action_bridge-4]   policy ppo=HOME prior=HOME raw=HOME exec=HOME blocked=0 grip=open dxyz=(+0.005,-0.002,-0.019)
[real_action_bridge-4]   target HOME xyz=(+0.000,+0.000,+0.000) err=- tol=0.070 after=open
[real_action_bridge-4]   exec   inflight: HOME/WAIT_HOME stage=WAIT_HOME plan=EXECUTING fail=-
[real_action_bridge-4]   age    img=0.02s box=0.05s mot=0.00s grip=0.00s plan=1.14s
[real_action_bridge-4] 
[real_action_bridge-4] [REAL ACTION ARMED] phase=RETREAT conf=0.90 ok=0
[real_action_bridge-4]   reason object in target and gripper released
[real_action_bridge-4]   state  obj=(-0.456,+0.636,+0.009) src=vision/0.03s ee=(-0.182,+0.673,+0.264) target=(-0.246,+0.406,+0.009) mode=basket target_label=basket target_src=vision_memory
[real_action_bridge-4]   flags  home=0 grasp=0 in_target=1 drop=0 attempts=0 phase_override=RETREAT return_home=0 placed=1
[real_action_bridge-4]   policy ppo=HOME prior=HOME raw=HOME exec=HOME blocked=0 grip=open dxyz=(+0.000,-0.002,-0.025)
[real_action_bridge-4]   target HOME xyz=(+0.000,+0.000,+0.000) err=- tol=0.070 after=open
[real_action_bridge-4]   exec   inflight: HOME/WAIT_HOME stage=WAIT_HOME plan=EXECUTING fail=-
[real_action_bridge-4]   age    img=0.03s box=0.03s mot=0.00s grip=0.00s plan=1.64s
[real_action_bridge-4] 
[real_action_bridge-4] [REAL ACTION ARMED] phase=RETREAT conf=0.90 ok=0
[real_action_bridge-4]   reason object in target and gripper released
[real_action_bridge-4]   state  obj=(-0.444,+0.623,+0.009) src=vision/0.04s ee=(-0.197,+0.592,+0.234) target=(-0.246,+0.406,+0.009) mode=basket target_label=basket target_src=vision_memory
[real_action_bridge-4]   flags  home=0 grasp=0 in_target=1 drop=0 attempts=0 phase_override=RETREAT return_home=0 placed=1
[real_action_bridge-4]   policy ppo=HOME prior=HOME raw=HOME exec=HOME blocked=0 grip=open dxyz=(+0.002,-0.003,-0.022)
[real_action_bridge-4]   target HOME xyz=(+0.000,+0.000,+0.000) err=- tol=0.070 after=open
[real_action_bridge-4]   exec   inflight: HOME/WAIT_HOME stage=WAIT_HOME plan=EXECUTING fail=-
[real_action_bridge-4]   age    img=0.01s box=0.05s mot=0.01s grip=0.01s plan=2.14s
[real_action_bridge-4] 
[real_action_bridge-4] [REAL ACTION ARMED] phase=RETREAT conf=0.90 ok=0
[real_action_bridge-4]   reason object in target and gripper released
[real_action_bridge-4]   state  obj=(-0.107,+0.749,+0.009) src=vision/0.04s ee=(-0.191,+0.498,+0.197) target=(-0.246,+0.406,+0.009) mode=basket target_label=basket target_src=vision_memory
[real_action_bridge-4]   flags  home=0 grasp=0 in_target=1 drop=0 attempts=0 phase_override=RETREAT return_home=0 placed=1
[real_action_bridge-4]   policy ppo=HOME prior=HOME raw=HOME exec=HOME blocked=0 grip=open dxyz=(-0.002,-0.003,-0.025)
[real_action_bridge-4]   target HOME xyz=(+0.000,+0.000,+0.000) err=- tol=0.070 after=open
[real_action_bridge-4]   exec   inflight: HOME/WAIT_HOME stage=WAIT_HOME plan=EXECUTING fail=-
[real_action_bridge-4]   age    img=0.02s box=0.05s mot=0.01s grip=0.01s plan=2.64s
[real_action_bridge-4] 
[real_action_bridge-4] [REAL ACTION ARMED] phase=RETREAT conf=0.90 ok=0
[real_action_bridge-4]   reason object in target and gripper released
[real_action_bridge-4]   state  obj=(-0.107,+0.743,+0.009) src=vision/0.05s ee=(-0.153,+0.417,+0.175) target=(-0.246,+0.406,+0.009) mode=basket target_label=basket target_src=vision_memory
[real_action_bridge-4]   flags  home=0 grasp=0 in_target=1 drop=0 attempts=0 phase_override=RETREAT return_home=0 placed=1
[real_action_bridge-4]   policy ppo=HOME prior=HOME raw=HOME exec=HOME blocked=0 grip=open dxyz=(-0.004,-0.006,-0.027)
[real_action_bridge-4]   target HOME xyz=(+0.000,+0.000,+0.000) err=- tol=0.070 after=open
[real_action_bridge-4]   exec   inflight: HOME/WAIT_HOME stage=WAIT_HOME plan=EXECUTING fail=-
[real_action_bridge-4]   age    img=0.02s box=0.06s mot=0.00s grip=0.00s plan=3.14s
[real_action_bridge-4] 
[real_action_bridge-4] [REAL ACTION ARMED] phase=RETREAT conf=0.90 ok=0
[real_action_bridge-4]   reason object in target and gripper released
[real_action_bridge-4]   state  obj=(-0.103,+0.754,+0.009) src=vision/0.03s ee=(-0.101,+0.366,+0.165) target=(-0.246,+0.406,+0.009) mode=basket target_label=basket target_src=vision_memory
[real_action_bridge-4]   flags  home=0 grasp=0 in_target=1 drop=0 attempts=0 phase_override=RETREAT return_home=0 placed=1
[real_action_bridge-4]   policy ppo=HOME prior=HOME raw=HOME exec=HOME blocked=0 grip=open dxyz=(-0.007,-0.006,-0.029)
[real_action_bridge-4]   target HOME xyz=(+0.000,+0.000,+0.000) err=- tol=0.070 after=open
[real_action_bridge-4]   exec   inflight: HOME/WAIT_HOME stage=WAIT_HOME plan=EXECUTING fail=-
[real_action_bridge-4]   age    img=0.03s box=0.03s mot=0.00s grip=0.00s plan=3.64s
[real_action_bridge-4] 
[real_action_bridge-4] [REAL ACTION ARMED] phase=RETREAT conf=0.90 ok=0
[real_action_bridge-4]   reason object in target and gripper released
[real_action_bridge-4]   state  obj=(-0.102,+0.758,+0.009) src=vision/0.03s ee=(-0.054,+0.342,+0.161) target=(-0.246,+0.406,+0.009) mode=basket target_label=basket target_src=vision_memory
[real_action_bridge-4]   flags  home=0 grasp=0 in_target=1 drop=0 attempts=0 phase_override=RETREAT return_home=0 placed=1
[real_action_bridge-4]   policy ppo=HOME prior=HOME raw=HOME exec=HOME blocked=0 grip=open dxyz=(-0.008,-0.007,-0.030)
[real_action_bridge-4]   target HOME xyz=(+0.000,+0.000,+0.000) err=- tol=0.070 after=open
[real_action_bridge-4]   exec   inflight: HOME/WAIT_HOME stage=WAIT_HOME plan=EXECUTING fail=-
[real_action_bridge-4]   age    img=0.03s box=0.03s mot=0.00s grip=0.00s plan=4.14s
[real_action_bridge-4] [33m[WARN] [1782895565.060989329] [ppo_action_bridge]: phase override set: command=HOME -> phase=DONE reason=home_verified[0m
[real_action_bridge-4] [33m[WARN] [1782895565.061702387] [ppo_action_bridge]: transaction SUCCESS: command=HOME reason=home_verified[0m
[real_action_bridge-4] 
[real_action_bridge-4] [REAL ACTION ARMED] phase=DONE conf=0.95 ok=0
[real_action_bridge-4]   reason object in target, released, and robot near home
[real_action_bridge-4]   state  obj=(-0.099,+0.759,+0.009) src=vision/0.04s ee=(-0.023,+0.334,+0.159) target=(-0.246,+0.406,+0.009) mode=basket target_label=basket target_src=vision_memory
[real_action_bridge-4]   flags  home=1 grasp=0 in_target=1 drop=0 attempts=0 phase_override=DONE return_home=0 placed=1
[real_action_bridge-4]   policy ppo=LIFT prior=STOP raw=STOP exec=STOP blocked=0 grip=hold dxyz=(+0.012,+0.033,+0.009)
[real_action_bridge-4]   target -
[real_action_bridge-4]   exec   hold: phase=DONE stage=IDLE plan=EXECUTING fail=-
[real_action_bridge-4]   age    img=0.01s box=0.04s mot=0.00s grip=0.01s plan=4.64s
[real_action_bridge-4] 
[real_action_bridge-4] [REAL ACTION ARMED] phase=DONE conf=0.95 ok=0
[real_action_bridge-4]   reason object in target, released, and robot near home
[real_action_bridge-4]   state  obj=(-0.099,+0.759,+0.009) src=vision/0.04s ee=(-0.005,+0.333,+0.159) target=(-0.246,+0.406,+0.009) mode=basket target_label=basket target_src=vision_memory
[real_action_bridge-4]   flags  home=1 grasp=0 in_target=1 drop=0 attempts=0 phase_override=- return_home=0 placed=1
[real_action_bridge-4]   policy ppo=LIFT prior=STOP raw=STOP exec=STOP blocked=0 grip=hold dxyz=(+0.017,+0.024,+0.011)
[real_action_bridge-4]   target -
[real_action_bridge-4]   exec   hold: phase=DONE stage=IDLE plan=EXECUTING fail=-
[real_action_bridge-4]   age    img=0.01s box=0.04s mot=0.00s grip=0.00s plan=5.14s
[plan_node-2] [INFO] [1782895566.041986007] [plan_node]: hold q_final target(rad): j1=+0.0000  j2=+0.0000  j3=+0.0000  j4=+0.0000  j5=+0.0000  j6=+0.0000
[plan_node-2] [INFO] [1782895566.042322313] [plan_node]: hold start actual(rad): j1=+0.0013  j2=-0.0063  j3=-0.0010  j4=-0.0017  j5=-0.0002  j6=-0.0029
[plan_node-2] [INFO] [1782895566.042633062] [plan_node]: hold start err(rad): j1=+0.0013  j2=-0.0063  j3=-0.0010  j4=-0.0017  j5=-0.0002  j6=-0.0029
[plan_node-2] [INFO] [1782895566.042952647] [plan_node]: trajectory complete — settling toward q_final
[real_action_bridge-4] 
[real_action_bridge-4] [REAL ACTION ARMED] phase=DONE conf=0.95 ok=0
[real_action_bridge-4]   reason object in target, released, and robot near home
[real_action_bridge-4]   state  obj=(-0.099,+0.759,+0.009) src=vision_memory/0.54s ee=(+0.000,+0.333,+0.159) target=(-0.101,+0.760,+0.009) mode=basket target_label=basket target_src=vision
[real_action_bridge-4]   flags  home=1 grasp=0 in_target=1 drop=0 attempts=0 phase_override=- return_home=0 placed=1
[real_action_bridge-4]   policy ppo=HOME prior=STOP raw=STOP exec=STOP blocked=0 grip=hold dxyz=(+0.015,+0.023,+0.007)
[real_action_bridge-4]   target -
[real_action_bridge-4]   exec   hold: phase=DONE stage=IDLE plan=EXECUTING fail=-
[real_action_bridge-4]   age    img=0.02s box=0.05s mot=0.00s grip=0.00s plan=5.64s
[plan_node-2] [INFO] [1782895566.248081941] [plan_node]: settled in 0.60s: max_err=0.0059rad vel=0.0947rad/s — DONE
[plan_node-2] [INFO] [1782895566.248414821] [plan_node]: hold actual_q latched after settled: max_q_final_err=0.0059rad threshold=0.0550rad settle_vel=0.0947rad/s
[real_action_bridge-4] 
[real_action_bridge-4] [REAL ACTION ARMED] phase=DONE conf=0.95 ok=0
[real_action_bridge-4]   reason object in target, released, and robot near home
[real_action_bridge-4]   state  obj=(-0.100,+0.759,+0.009) src=vision/0.06s ee=(-0.002,+0.333,+0.159) target=(-0.101,+0.760,+0.009) mode=basket target_label=basket target_src=vision_memory
[real_action_bridge-4]   flags  home=1 grasp=0 in_target=1 drop=0 attempts=0 phase_override=- return_home=0 placed=1
[real_action_bridge-4]   policy ppo=HOME prior=STOP raw=STOP exec=STOP blocked=0 grip=hold dxyz=(+0.012,+0.020,+0.002)
[real_action_bridge-4]   target -
[real_action_bridge-4]   exec   hold: phase=DONE stage=IDLE plan=DONE fail=-
[real_action_bridge-4]   age    img=0.03s box=0.03s mot=0.00s grip=0.00s plan=0.31s
[real_action_bridge-4] 
[real_action_bridge-4] [REAL ACTION ARMED] phase=DONE conf=0.95 ok=0
[real_action_bridge-4]   reason object in target, released, and robot near home
[real_action_bridge-4]   state  obj=(-0.101,+0.760,+0.009) src=vision/0.03s ee=(-0.003,+0.333,+0.159) target=(-0.101,+0.760,+0.009) mode=basket target_label=basket target_src=vision_memory
[real_action_bridge-4]   flags  home=1 grasp=0 in_target=1 drop=0 attempts=0 phase_override=- return_home=0 placed=1
[real_action_bridge-4]   policy ppo=HOME prior=STOP raw=STOP exec=STOP blocked=0 grip=hold dxyz=(+0.009,+0.017,-0.003)
[real_action_bridge-4]   target -
[real_action_bridge-4]   exec   hold: phase=DONE stage=IDLE plan=DONE fail=-
[real_action_bridge-4]   age    img=0.03s box=0.03s mot=0.00s grip=0.00s plan=0.81s
[plan_node-2] [INFO] [1782895567.251990368] [plan_node]: [hold 1/3 +1.0s] err(rad): j1=+0.0063  j2=-0.0125  j3=-0.0117  j4=-0.0040  j5=+0.0002  j6=-0.0059  max=0.0125  worst=j2 q=-0.0125 q_des=-0.0059 qd=-0.0381 kp=25.0 kd=5.8 pd_tau=+0.384 tau_ff=+0.086 tau_meas=+0.272
[plan_node-2] [INFO] [1782895567.252508854] [plan_node]: [hold diag j3] err=-0.0096 q=-0.0117 q_des=-0.0021 qd=+0.0463 kp=40.0 kd=4.8 pd_tau=+0.160 tau_ff=+0.173 total=+0.333 tau_meas=+0.542
[real_action_bridge-4] 
[real_action_bridge-4] [REAL ACTION ARMED] phase=DONE conf=0.95 ok=0
[real_action_bridge-4]   reason object in target, released, and robot near home
[real_action_bridge-4]   state  obj=(-0.101,+0.760,+0.009) src=vision/0.04s ee=(-0.004,+0.333,+0.159) target=(-0.101,+0.760,+0.009) mode=basket target_label=basket target_src=vision_memory
[real_action_bridge-4]   flags  home=1 grasp=0 in_target=1 drop=0 attempts=0 phase_override=- return_home=0 placed=1
[real_action_bridge-4]   policy ppo=HOME prior=STOP raw=STOP exec=STOP blocked=0 grip=hold dxyz=(+0.007,+0.014,-0.008)
[real_action_bridge-4]   target -
[real_action_bridge-4]   exec   hold: phase=DONE stage=IDLE plan=DONE fail=-
[real_action_bridge-4]   age    img=0.01s box=0.04s mot=0.00s grip=0.00s plan=1.31s
[real_action_bridge-4] 
[real_action_bridge-4] [REAL ACTION ARMED] phase=DONE conf=0.95 ok=0
[real_action_bridge-4]   reason object in target, released, and robot near home
[real_action_bridge-4]   state  obj=(-0.101,+0.760,+0.009) src=vision_memory/0.54s ee=(-0.005,+0.333,+0.159) target=(-0.097,+0.760,+0.009) mode=basket target_label=basket target_src=vision
[real_action_bridge-4]   flags  home=1 grasp=0 in_target=1 drop=0 attempts=0 phase_override=- return_home=0 placed=1
[real_action_bridge-4]   policy ppo=HOME prior=STOP raw=STOP exec=STOP blocked=0 grip=hold dxyz=(+0.004,+0.011,-0.011)
[real_action_bridge-4]   target -
[real_action_bridge-4]   exec   hold: phase=DONE stage=IDLE plan=DONE fail=-
[real_action_bridge-4]   age    img=0.01s box=0.05s mot=0.01s grip=0.01s plan=1.81s
[plan_node-2] [INFO] [1782895568.247993867] [plan_node]: [hold 2/3 +2.0s] err(rad): j1=+0.0059  j2=-0.0121  j3=-0.0159  j4=-0.0079  j5=+0.0006  j6=-0.0059  max=0.0159  worst=j3 q=-0.0159 q_des=-0.0021 qd=-0.0074 kp=40.0 kd=4.8 pd_tau=+0.588 tau_ff=+0.102 tau_meas=+0.358
[plan_node-2] [INFO] [1782895568.248346003] [plan_node]: [hold diag j3] err=-0.0138 q=-0.0159 q_des=-0.0021 qd=-0.0074 kp=40.0 kd=4.8 pd_tau=+0.588 tau_ff=+0.102 total=+0.690 tau_meas=+0.358
[real_action_bridge-4] 
[real_action_bridge-4] [REAL ACTION ARMED] phase=DONE conf=0.95 ok=0
[real_action_bridge-4]   reason object in target, released, and robot near home
[real_action_bridge-4]   state  obj=(-0.101,+0.760,+0.009) src=vision_memory/1.04s ee=(-0.005,+0.333,+0.159) target=(-0.100,+0.762,+0.009) mode=basket target_label=basket target_src=vision
[real_action_bridge-4]   flags  home=1 grasp=0 in_target=1 drop=0 attempts=0 phase_override=- return_home=0 placed=1
[real_action_bridge-4]   policy ppo=HOME prior=STOP raw=STOP exec=STOP blocked=0 grip=hold dxyz=(+0.002,+0.008,-0.015)
[real_action_bridge-4]   target -
[real_action_bridge-4]   exec   hold: phase=DONE stage=IDLE plan=DONE fail=-
[real_action_bridge-4]   age    img=0.02s box=0.05s mot=0.00s grip=0.00s plan=2.31s
[real_action_bridge-4] 
[real_action_bridge-4] [REAL ACTION ARMED] phase=DONE conf=0.95 ok=0
[real_action_bridge-4]   reason object in target, released, and robot near home
[real_action_bridge-4]   state  obj=(-0.100,+0.759,+0.009) src=vision/0.06s ee=(-0.005,+0.333,+0.159) target=(-0.100,+0.762,+0.009) mode=basket target_label=basket target_src=vision_memory
[real_action_bridge-4]   flags  home=1 grasp=0 in_target=1 drop=0 attempts=0 phase_override=- return_home=0 placed=1
[real_action_bridge-4]   policy ppo=HOME prior=STOP raw=STOP exec=STOP blocked=0 grip=hold dxyz=(-0.000,+0.006,-0.017)
[real_action_bridge-4]   target -
[real_action_bridge-4]   exec   hold: phase=DONE stage=IDLE plan=DONE fail=-
[real_action_bridge-4]   age    img=0.02s box=0.02s mot=0.00s grip=0.00s plan=2.81s
[plan_node-2] [INFO] [1782895569.307095614] [plan_node]: [hold 3/3 +3.0s] err(rad): j1=+0.0056  j2=-0.0121  j3=-0.0128  j4=-0.0082  j5=+0.0006  j6=-0.0059  max=0.0128  worst=j3 q=-0.0128 q_des=-0.0021 qd=-0.0262 kp=40.0 kd=4.8 pd_tau=+0.556 tau_ff=-0.186 tau_meas=+0.443
[plan_node-2] [INFO] [1782895569.312347605] [plan_node]: [hold diag j3] err=-0.0107 q=-0.0128 q_des=-0.0021 qd=-0.0262 kp=40.0 kd=4.8 pd_tau=+0.556 tau_ff=-0.186 total=+0.370 tau_meas=+0.443
[real_action_bridge-4] 
[real_action_bridge-4] [REAL ACTION ARMED] phase=DONE conf=0.95 ok=0
[real_action_bridge-4]   reason object in target, released, and robot near home
[real_action_bridge-4]   state  obj=(-0.100,+0.759,+0.009) src=vision_memory/0.56s ee=(-0.008,+0.333,+0.159) target=(-0.100,+0.759,+0.009) mode=basket target_label=basket target_src=vision
[real_action_bridge-4]   flags  home=1 grasp=0 in_target=1 drop=0 attempts=0 phase_override=- return_home=0 placed=1
[real_action_bridge-4]   policy ppo=HOME prior=STOP raw=STOP exec=STOP blocked=0 grip=hold dxyz=(-0.002,+0.004,-0.020)
[real_action_bridge-4]   target -
[real_action_bridge-4]   exec   hold: phase=DONE stage=IDLE plan=DONE fail=-
[real_action_bridge-4]   age    img=0.40s box=0.43s mot=0.04s grip=0.04s plan=3.35s
[real_action_bridge-4] 
[real_action_bridge-4] [REAL ACTION ARMED] phase=DONE conf=0.95 ok=0
[real_action_bridge-4]   reason object in target, released, and robot near home
[real_action_bridge-4]   state  obj=(-0.100,+0.759,+0.009) src=vision_memory/1.06s ee=(-0.006,+0.333,+0.159) target=(-0.100,+0.759,+0.009) mode=basket target_label=basket target_src=vision
[real_action_bridge-4]   flags  home=1 grasp=0 in_target=1 drop=0 attempts=0 phase_override=- return_home=0 placed=1
[real_action_bridge-4]   policy ppo=HOME prior=STOP raw=STOP exec=STOP blocked=0 grip=hold dxyz=(-0.003,+0.002,-0.022)
[real_action_bridge-4]   target -
[real_action_bridge-4]   exec   hold: phase=DONE stage=IDLE plan=DONE fail=-
[real_action_bridge-4]   age    img=0.89s box=0.93s mot=0.04s grip=0.04s plan=3.85s
[real_action_bridge-4] 
[real_action_bridge-4] [REAL ACTION ARMED] phase=DONE conf=0.95 ok=0
[real_action_bridge-4]   reason object in target, released, and robot near home
[real_action_bridge-4]   state  obj=(-0.100,+0.759,+0.009) src=vision_memory/1.56s ee=(-0.006,+0.333,+0.159) target=(-0.100,+0.759,+0.009) mode=basket target_label=basket target_src=vision
[real_action_bridge-4]   flags  home=1 grasp=0 in_target=1 drop=0 attempts=0 phase_override=- return_home=0 placed=1
[real_action_bridge-4]   policy ppo=HOME prior=STOP raw=STOP exec=STOP blocked=0 grip=hold dxyz=(-0.005,-0.000,-0.024)
[real_action_bridge-4]   target -
[real_action_bridge-4]   exec   hold: phase=DONE stage=IDLE plan=DONE fail=-
[real_action_bridge-4]   age    img=1.39s box=1.39s mot=0.03s grip=0.03s plan=4.34s
[real_action_bridge-4] 
[real_action_bridge-4] [REAL ACTION ARMED] phase=DONE conf=0.95 ok=0
[real_action_bridge-4]   reason object in target, released, and robot near home
[real_action_bridge-4]   state  obj=(-0.100,+0.759,+0.009) src=vision_memory/2.06s ee=(-0.002,+0.333,+0.159) target=(-0.100,+0.761,+0.009) mode=basket target_label=basket target_src=vision
[real_action_bridge-4]   flags  home=1 grasp=0 in_target=1 drop=0 attempts=0 phase_override=- return_home=0 placed=1
[real_action_bridge-4]   policy ppo=HOME prior=STOP raw=STOP exec=STOP blocked=0 grip=hold dxyz=(-0.006,-0.001,-0.026)
[real_action_bridge-4]   target -
[real_action_bridge-4]   exec   hold: phase=DONE stage=IDLE plan=DONE fail=-
[real_action_bridge-4]   age    img=0.47s box=1.90s mot=0.04s grip=0.04s plan=4.85s
[real_action_bridge-4] 
[real_action_bridge-4] [REAL ACTION ARMED] phase=DONE conf=0.95 ok=0
[real_action_bridge-4]   reason object in target, released, and robot near home
[real_action_bridge-4]   state  obj=(-0.100,+0.759,+0.009) src=vision_memory/2.56s ee=(+0.002,+0.333,+0.159) target=(-0.100,+0.761,+0.009) mode=basket target_label=basket target_src=vision
[real_action_bridge-4]   flags  home=1 grasp=0 in_target=1 drop=0 attempts=0 phase_override=- return_home=0 placed=1
[real_action_bridge-4]   policy ppo=HOME prior=STOP raw=STOP exec=STOP blocked=0 grip=hold dxyz=(-0.007,-0.003,-0.027)
[real_action_bridge-4]   target -
[real_action_bridge-4]   exec   hold: phase=DONE stage=IDLE plan=DONE fail=-
[real_action_bridge-4]   age    img=0.97s box=2.40s mot=0.04s grip=0.04s plan=5.35s
[real_action_bridge-4] 
[real_action_bridge-4] [REAL ACTION ARMED] phase=DONE conf=0.95 ok=0
[real_action_bridge-4]   reason object in target, released, and robot near home
[real_action_bridge-4]   state  obj=(-0.100,+0.760,+0.009) src=vision/1.44s ee=(-0.001,+0.333,+0.159) target=(-0.100,+0.761,+0.009) mode=basket target_label=basket target_src=vision_memory
[real_action_bridge-4]   flags  home=1 grasp=0 in_target=1 drop=0 attempts=0 phase_override=- return_home=0 placed=1
[real_action_bridge-4]   policy ppo=HOME prior=STOP raw=STOP exec=STOP blocked=0 grip=hold dxyz=(-0.008,-0.004,-0.028)
[real_action_bridge-4]   target -
[real_action_bridge-4]   exec   hold: phase=DONE stage=IDLE plan=DONE fail=-
[real_action_bridge-4]   age    img=1.46s box=1.46s mot=0.03s grip=0.03s plan=5.84s
[real_action_bridge-4] 
[real_action_bridge-4] [REAL ACTION ARMED] phase=DONE conf=0.95 ok=0
[real_action_bridge-4]   reason object in target, released, and robot near home
[real_action_bridge-4]   state  obj=(-0.100,+0.760,+0.009) src=vision/1.93s ee=(-0.005,+0.333,+0.159) target=(-0.100,+0.761,+0.009) mode=basket target_label=basket target_src=vision_memory
[real_action_bridge-4]   flags  home=1 grasp=0 in_target=1 drop=0 attempts=0 phase_override=- return_home=0 placed=1
[real_action_bridge-4]   policy ppo=HOME prior=STOP raw=STOP exec=STOP blocked=0 grip=hold dxyz=(-0.008,-0.005,-0.029)
[real_action_bridge-4]   target -
[real_action_bridge-4]   exec   hold: phase=DONE stage=IDLE plan=DONE fail=-
[real_action_bridge-4]   age    img=0.55s box=1.96s mot=0.04s grip=0.03s plan=6.34s
[real_action_bridge-4] 
[real_action_bridge-4] [REAL ACTION ARMED] phase=DONE conf=0.95 ok=0
[real_action_bridge-4]   reason object in target, released, and robot near home
[real_action_bridge-4]   state  obj=(-0.100,+0.760,+0.009) src=vision/2.43s ee=(-0.009,+0.333,+0.159) target=(-0.100,+0.761,+0.009) mode=basket target_label=basket target_src=vision_memory
[real_action_bridge-4]   flags  home=1 grasp=0 in_target=1 drop=0 attempts=0 phase_override=- return_home=0 placed=1
[real_action_bridge-4]   policy ppo=HOME prior=STOP raw=STOP exec=STOP blocked=0 grip=hold dxyz=(-0.009,-0.005,-0.030)
[real_action_bridge-4]   target -
[real_action_bridge-4]   exec   hold: phase=DONE stage=IDLE plan=DONE fail=-
[real_action_bridge-4]   age    img=1.05s box=2.47s mot=0.04s grip=0.04s plan=6.85s
[real_action_bridge-4] 
[real_action_bridge-4] [REAL ACTION ARMED] phase=DONE conf=0.95 ok=0
[real_action_bridge-4]   reason object in target, released, and robot near home
[real_action_bridge-4]   state  obj=(-0.100,+0.760,+0.009) src=vision_memory/2.93s ee=(+0.001,+0.333,+0.159) target=(-0.097,+0.763,+0.009) mode=basket target_label=basket target_src=vision
[real_action_bridge-4]   flags  home=1 grasp=0 in_target=1 drop=0 attempts=0 phase_override=- return_home=0 placed=1
[real_action_bridge-4]   policy ppo=HOME prior=STOP raw=STOP exec=STOP blocked=0 grip=hold dxyz=(-0.009,-0.006,-0.031)
[real_action_bridge-4]   target -
[real_action_bridge-4]   exec   hold: phase=DONE stage=IDLE plan=DONE fail=-
[real_action_bridge-4]   age    img=0.16s box=1.54s mot=0.03s grip=0.03s plan=7.34s
[real_action_bridge-4] 
[real_action_bridge-4] [REAL ACTION ARMED] phase=DONE conf=0.95 ok=0
[real_action_bridge-4]   reason object in target, released, and robot near home
[real_action_bridge-4]   state  obj=(-0.100,+0.760,+0.009) src=vision_memory/3.43s ee=(-0.006,+0.333,+0.159) target=(-0.097,+0.763,+0.009) mode=basket target_label=basket target_src=vision
[real_action_bridge-4]   flags  home=1 grasp=0 in_target=1 drop=0 attempts=0 phase_override=- return_home=0 placed=1
[real_action_bridge-4]   policy ppo=HOME prior=STOP raw=STOP exec=STOP blocked=0 grip=hold dxyz=(-0.009,-0.007,-0.032)
[real_action_bridge-4]   target -
[real_action_bridge-4]   exec   hold: phase=DONE stage=IDLE plan=DONE fail=-
[real_action_bridge-4]   age    img=0.67s box=2.05s mot=0.03s grip=0.03s plan=7.84s
[real_action_bridge-4] 
[real_action_bridge-4] [REAL ACTION ARMED] phase=DONE conf=0.95 ok=0
[real_action_bridge-4]   reason object in target, released, and robot near home
[real_action_bridge-4]   state  obj=(-0.098,+0.761,+0.009) src=vision/0.03s ee=(-0.006,+0.333,+0.159) target=(-0.097,+0.763,+0.009) mode=basket target_label=basket target_src=vision_memory
[real_action_bridge-4]   flags  home=1 grasp=0 in_target=1 drop=0 attempts=0 phase_override=- return_home=0 placed=1
[real_action_bridge-4]   policy ppo=HOME prior=STOP raw=STOP exec=STOP blocked=0 grip=hold dxyz=(-0.010,-0.007,-0.033)
[real_action_bridge-4]   target -
[real_action_bridge-4]   exec   hold: phase=DONE stage=IDLE plan=DONE fail=-
[real_action_bridge-4]   age    img=0.01s box=0.03s mot=0.00s grip=0.00s plan=8.31s
[real_action_bridge-4] 
[real_action_bridge-4] [REAL ACTION ARMED] phase=DONE conf=0.95 ok=0
[real_action_bridge-4]   reason object in target, released, and robot near home
[real_action_bridge-4]   state  obj=(-0.099,+0.760,+0.009) src=vision/0.03s ee=(-0.006,+0.333,+0.159) target=(-0.097,+0.763,+0.009) mode=basket target_label=basket target_src=vision_memory
[real_action_bridge-4]   flags  home=1 grasp=0 in_target=1 drop=0 attempts=0 phase_override=- return_home=0 placed=1
[real_action_bridge-4]   policy ppo=HOME prior=STOP raw=STOP exec=STOP blocked=0 grip=hold dxyz=(-0.010,-0.008,-0.033)
[real_action_bridge-4]   target -
[real_action_bridge-4]   exec   hold: phase=DONE stage=IDLE plan=DONE fail=-
[real_action_bridge-4]   age    img=0.03s box=0.03s mot=0.00s grip=0.00s plan=8.81s
[real_action_bridge-4] 
[real_action_bridge-4] [STT] 녹음 중... 스페이스바=종료  q=취소
[real_action_bridge-4] 
[real_action_bridge-4] [REAL ACTION ARMED] phase=DONE conf=0.95 ok=0
[real_action_bridge-4]   reason object in target, released, and robot near home
[real_action_bridge-4]   state  obj=(-0.099,+0.760,+0.009) src=vision_memory/0.53s ee=(-0.005,+0.333,+0.159) target=(-0.099,+0.760,+0.009) mode=basket target_label=basket target_src=vision
[real_action_bridge-4]   flags  home=1 grasp=0 in_target=1 drop=0 attempts=0 phase_override=- return_home=0 placed=1
[real_action_bridge-4]   policy ppo=HOME prior=STOP raw=STOP exec=STOP blocked=0 grip=hold dxyz=(-0.010,-0.008,-0.034)
[real_action_bridge-4]   target -
[real_action_bridge-4]   exec   hold: phase=DONE stage=IDLE plan=DONE fail=-
[real_action_bridge-4]   age    img=0.01s box=0.04s mot=0.01s grip=0.01s plan=9.32s
[real_action_bridge-4] 
[real_action_bridge-4] [REAL ACTION ARMED] phase=DONE conf=0.95 ok=0
[real_action_bridge-4]   reason object in target, released, and robot near home
[real_action_bridge-4]   state  obj=(-0.100,+0.759,+0.009) src=vision/0.04s ee=(-0.004,+0.333,+0.159) target=(-0.099,+0.760,+0.009) mode=basket target_label=basket target_src=vision_memory
[real_action_bridge-4]   flags  home=1 grasp=0 in_target=1 drop=0 attempts=0 phase_override=- return_home=0 placed=1
[real_action_bridge-4]   policy ppo=HOME prior=STOP raw=STOP exec=STOP blocked=0 grip=hold dxyz=(-0.011,-0.009,-0.034)
[real_action_bridge-4]   target -
[real_action_bridge-4]   exec   hold: phase=DONE stage=IDLE plan=DONE fail=-
[real_action_bridge-4]   age    img=0.02s box=0.05s mot=0.00s grip=0.00s plan=9.81s
[real_action_bridge-4] 
[real_action_bridge-4] [REAL ACTION ARMED] phase=DONE conf=0.95 ok=0
[real_action_bridge-4]   reason object in target, released, and robot near home
[real_action_bridge-4]   state  obj=(-0.099,+0.758,+0.009) src=vision/0.05s ee=(-0.005,+0.333,+0.159) target=(-0.099,+0.760,+0.009) mode=basket target_label=basket target_src=vision_memory
[real_action_bridge-4]   flags  home=1 grasp=0 in_target=1 drop=0 attempts=0 phase_override=- return_home=0 placed=1
[real_action_bridge-4]   policy ppo=HOME prior=STOP raw=STOP exec=STOP blocked=0 grip=hold dxyz=(-0.011,-0.009,-0.035)
[real_action_bridge-4]   target -
[real_action_bridge-4]   exec   hold: phase=DONE stage=IDLE plan=DONE fail=-
[real_action_bridge-4]   age    img=0.02s box=0.05s mot=0.00s grip=0.00s plan=10.31s
[real_action_bridge-4] 
[real_action_bridge-4] [REAL ACTION ARMED] phase=DONE conf=0.95 ok=0
[real_action_bridge-4]   reason object in target, released, and robot near home
[real_action_bridge-4]   state  obj=(-0.101,+0.759,+0.009) src=vision/0.06s ee=(-0.006,+0.333,+0.159) target=(-0.099,+0.760,+0.009) mode=basket target_label=basket target_src=vision_memory
[real_action_bridge-4]   flags  home=1 grasp=0 in_target=1 drop=0 attempts=0 phase_override=- return_home=0 placed=1
[real_action_bridge-4]   policy ppo=HOME prior=STOP raw=STOP exec=STOP blocked=0 grip=hold dxyz=(-0.011,-0.009,-0.035)
[real_action_bridge-4]   target -
[real_action_bridge-4]   exec   hold: phase=DONE stage=IDLE plan=DONE fail=-
[real_action_bridge-4]   age    img=0.03s box=0.03s mot=0.00s grip=0.00s plan=10.81s
[real_action_bridge-4] 
[real_action_bridge-4] [REAL ACTION ARMED] phase=DONE conf=0.95 ok=0
[real_action_bridge-4]   reason object in target, released, and robot near home
[real_action_bridge-4]   state  obj=(-0.099,+0.760,+0.009) src=vision/0.03s ee=(-0.004,+0.333,+0.159) target=(-0.099,+0.760,+0.009) mode=basket target_label=basket target_src=vision_memory
[real_action_bridge-4]   flags  home=1 grasp=0 in_target=1 drop=0 attempts=0 phase_override=- return_home=0 placed=1
[real_action_bridge-4]   policy ppo=HOME prior=STOP raw=STOP exec=STOP blocked=0 grip=hold dxyz=(-0.011,-0.009,-0.035)
[real_action_bridge-4]   target -
[real_action_bridge-4]   exec   hold: phase=DONE stage=IDLE plan=DONE fail=-
[real_action_bridge-4]   age    img=0.03s box=0.03s mot=0.00s grip=0.00s plan=11.31s
[real_action_bridge-4] 
[real_action_bridge-4] [REAL ACTION ARMED] phase=DONE conf=0.95 ok=0
[real_action_bridge-4]   reason object in target, released, and robot near home
[real_action_bridge-4]   state  obj=(-0.097,+0.760,+0.009) src=vision/0.04s ee=(-0.004,+0.333,+0.159) target=(-0.099,+0.760,+0.009) mode=basket target_label=basket target_src=vision_memory
[real_action_bridge-4]   flags  home=1 grasp=0 in_target=1 drop=0 attempts=0 phase_override=- return_home=0 placed=1
[real_action_bridge-4]   policy ppo=HOME prior=STOP raw=STOP exec=STOP blocked=0 grip=hold dxyz=(-0.011,-0.009,-0.036)
[real_action_bridge-4]   target -
[real_action_bridge-4]   exec   hold: phase=DONE stage=IDLE plan=DONE fail=-
[real_action_bridge-4]   age    img=0.04s box=0.04s mot=0.00s grip=0.00s plan=11.81s
[real_action_bridge-4] 
[real_action_bridge-4] [REAL ACTION ARMED] phase=DONE conf=0.95 ok=0
[real_action_bridge-4]   reason object in target, released, and robot near home
[real_action_bridge-4]   state  obj=(-0.099,+0.760,+0.009) src=vision/0.04s ee=(-0.003,+0.333,+0.159) target=(-0.099,+0.760,+0.009) mode=basket target_label=basket target_src=vision_memory
[real_action_bridge-4]   flags  home=1 grasp=0 in_target=1 drop=0 attempts=0 phase_override=- return_home=0 placed=1
[real_action_bridge-4]   policy ppo=HOME prior=STOP raw=STOP exec=STOP blocked=0 grip=hold dxyz=(-0.012,-0.010,-0.036)
[real_action_bridge-4]   target -
[real_action_bridge-4]   exec   hold: phase=DONE stage=IDLE plan=DONE fail=-
[real_action_bridge-4]   age    img=0.02s box=0.05s mot=0.01s grip=0.01s plan=12.32s
[real_action_bridge-4] 
[real_action_bridge-4] [REAL ACTION ARMED] phase=DONE conf=0.95 ok=0
[real_action_bridge-4]   reason object in target, released, and robot near home
[real_action_bridge-4]   state  obj=(-0.100,+0.759,+0.009) src=vision/0.05s ee=(-0.004,+0.333,+0.159) target=(-0.099,+0.760,+0.009) mode=basket target_label=basket target_src=vision_memory
[real_action_bridge-4]   flags  home=1 grasp=0 in_target=1 drop=0 attempts=0 phase_override=- return_home=0 placed=1
[real_action_bridge-4]   policy ppo=HOME prior=STOP raw=STOP exec=STOP blocked=0 grip=hold dxyz=(-0.012,-0.010,-0.037)
[real_action_bridge-4]   target -
[real_action_bridge-4]   exec   hold: phase=DONE stage=IDLE plan=DONE fail=-
[real_action_bridge-4]   age    img=0.02s box=0.05s mot=0.00s grip=0.00s plan=12.81s
[real_action_bridge-4] 
[real_action_bridge-4] [REAL ACTION ARMED] phase=DONE conf=0.95 ok=0
[real_action_bridge-4]   reason object in target, released, and robot near home
[real_action_bridge-4]   state  obj=(-0.100,+0.759,+0.009) src=vision_memory/0.55s ee=(-0.004,+0.333,+0.159) target=(-0.099,+0.761,+0.009) mode=basket target_label=basket target_src=vision
[real_action_bridge-4]   flags  home=1 grasp=0 in_target=1 drop=0 attempts=0 phase_override=- return_home=0 placed=1
[real_action_bridge-4]   policy ppo=HOME prior=STOP raw=STOP exec=STOP blocked=0 grip=hold dxyz=(-0.012,-0.010,-0.037)
[real_action_bridge-4]   target -
[real_action_bridge-4]   exec   hold: phase=DONE stage=IDLE plan=DONE fail=-
[real_action_bridge-4]   age    img=0.02s box=0.06s mot=0.00s grip=0.00s plan=13.31s
[real_action_bridge-4] [STT] 녹음 완료 (3.9초), 음성 인식 중...
[real_action_bridge-4] 
[real_action_bridge-4] [REAL ACTION ARMED] phase=DONE conf=0.95 ok=0
[real_action_bridge-4]   reason object in target, released, and robot near home
[real_action_bridge-4]   state  obj=(-0.100,+0.760,+0.009) src=vision/0.22s ee=(-0.004,+0.333,+0.159) target=(-0.099,+0.761,+0.009) mode=basket target_label=basket target_src=vision_memory
[real_action_bridge-4]   flags  home=1 grasp=0 in_target=1 drop=0 attempts=0 phase_override=- return_home=0 placed=1
[real_action_bridge-4]   policy ppo=HOME prior=STOP raw=STOP exec=STOP blocked=0 grip=hold dxyz=(-0.012,-0.011,-0.037)
[real_action_bridge-4]   target -
[real_action_bridge-4]   exec   hold: phase=DONE stage=IDLE plan=DONE fail=-
[real_action_bridge-4]   age    img=0.19s box=0.23s mot=0.00s grip=0.17s plan=13.97s
[real_action_bridge-4] 
[real_action_bridge-4] [REAL ACTION ARMED] phase=DONE conf=0.95 ok=0
[real_action_bridge-4]   reason object in target, released, and robot near home
[real_action_bridge-4]   state  obj=(-0.100,+0.760,+0.009) src=vision_memory/0.56s ee=(-0.005,+0.333,+0.159) target=(-0.100,+0.761,+0.009) mode=basket target_label=basket target_src=vision
[real_action_bridge-4]   flags  home=1 grasp=0 in_target=1 drop=0 attempts=0 phase_override=- return_home=0 placed=1
[real_action_bridge-4]   policy ppo=HOME prior=STOP raw=STOP exec=STOP blocked=0 grip=hold dxyz=(-0.012,-0.011,-0.038)
[real_action_bridge-4]   target -
[real_action_bridge-4]   exec   hold: phase=DONE stage=IDLE plan=DONE fail=-
[real_action_bridge-4]   age    img=0.06s box=0.06s mot=0.00s grip=0.00s plan=14.31s
[real_action_bridge-4] 
[real_action_bridge-4] [REAL ACTION ARMED] phase=DONE conf=0.95 ok=0
[real_action_bridge-4]   reason object in target, released, and robot near home
[real_action_bridge-4]   state  obj=(-0.100,+0.760,+0.009) src=vision_memory/1.06s ee=(-0.004,+0.333,+0.159) target=(-0.102,+0.762,+0.009) mode=basket target_label=basket target_src=vision
[real_action_bridge-4]   flags  home=1 grasp=0 in_target=1 drop=0 attempts=0 phase_override=- return_home=0 placed=1
[real_action_bridge-4]   policy ppo=HOME prior=STOP raw=STOP exec=STOP blocked=0 grip=hold dxyz=(-0.012,-0.011,-0.038)
[real_action_bridge-4]   target -
[real_action_bridge-4]   exec   hold: phase=DONE stage=IDLE plan=DONE fail=-
[real_action_bridge-4]   age    img=0.04s box=0.04s mot=0.00s grip=0.00s plan=14.81s
[real_action_bridge-4] 
[real_action_bridge-4] [REAL ACTION ARMED] phase=DONE conf=0.95 ok=0
[real_action_bridge-4]   reason object in target, released, and robot near home
[real_action_bridge-4]   state  obj=(-0.100,+0.760,+0.009) src=vision_memory/1.57s ee=(-0.008,+0.333,+0.159) target=(-0.101,+0.762,+0.009) mode=basket target_label=basket target_src=vision
[real_action_bridge-4]   flags  home=1 grasp=0 in_target=1 drop=0 attempts=0 phase_override=- return_home=0 placed=1
[real_action_bridge-4]   policy ppo=HOME prior=STOP raw=STOP exec=STOP blocked=0 grip=hold dxyz=(-0.013,-0.011,-0.038)
[real_action_bridge-4]   target -
[real_action_bridge-4]   exec   hold: phase=DONE stage=IDLE plan=DONE fail=-
[real_action_bridge-4]   age    img=0.32s box=0.37s mot=0.04s grip=0.04s plan=15.35s
[real_action_bridge-4] 
[real_action_bridge-4] [REAL ACTION ARMED] phase=DONE conf=0.95 ok=0
[real_action_bridge-4]   reason object in target, released, and robot near home
[real_action_bridge-4]   state  obj=(-0.100,+0.760,+0.009) src=vision_memory/2.07s ee=(-0.001,+0.333,+0.159) target=(-0.101,+0.762,+0.009) mode=basket target_label=basket target_src=vision
[real_action_bridge-4]   flags  home=1 grasp=0 in_target=1 drop=0 attempts=0 phase_override=- return_home=0 placed=1
[real_action_bridge-4]   policy ppo=HOME prior=STOP raw=STOP exec=STOP blocked=0 grip=hold dxyz=(-0.013,-0.011,-0.039)
[real_action_bridge-4]   target -
[real_action_bridge-4]   exec   hold: phase=DONE stage=IDLE plan=DONE fail=-
[real_action_bridge-4]   age    img=0.82s box=0.87s mot=0.04s grip=0.04s plan=15.85s
[real_action_bridge-4] 
[real_action_bridge-4] [REAL ACTION ARMED] phase=DONE conf=0.95 ok=0
[real_action_bridge-4]   reason object in target, released, and robot near home
[real_action_bridge-4]   state  obj=(-0.100,+0.760,+0.009) src=vision_memory/2.57s ee=(-0.001,+0.333,+0.159) target=(-0.101,+0.761,+0.009) mode=basket target_label=basket target_src=vision
[real_action_bridge-4]   flags  home=1 grasp=0 in_target=1 drop=0 attempts=0 phase_override=- return_home=0 placed=1
[real_action_bridge-4]   policy ppo=HOME prior=STOP raw=STOP exec=STOP blocked=0 grip=hold dxyz=(-0.013,-0.011,-0.039)
[real_action_bridge-4]   target -
[real_action_bridge-4]   exec   hold: phase=DONE stage=IDLE plan=DONE fail=-
[real_action_bridge-4]   age    img=0.38s box=1.32s mot=0.04s grip=0.04s plan=16.35s
[real_action_bridge-4] 
[real_action_bridge-4] [REAL ACTION ARMED] phase=DONE conf=0.95 ok=0
[real_action_bridge-4]   reason object in target, released, and robot near home
[real_action_bridge-4]   state  obj=(-0.100,+0.760,+0.009) src=vision_memory/3.06s ee=(-0.007,+0.333,+0.159) target=(-0.101,+0.761,+0.009) mode=basket target_label=basket target_src=vision
[real_action_bridge-4]   flags  home=1 grasp=0 in_target=1 drop=0 attempts=0 phase_override=- return_home=0 placed=1
[real_action_bridge-4]   policy ppo=HOME prior=STOP raw=STOP exec=STOP blocked=0 grip=hold dxyz=(-0.013,-0.012,-0.039)
[real_action_bridge-4]   target -
[real_action_bridge-4]   exec   hold: phase=DONE stage=IDLE plan=DONE fail=-
[real_action_bridge-4]   age    img=0.87s box=1.81s mot=0.03s grip=0.03s plan=16.84s
[real_action_bridge-4] 
[real_action_bridge-4] [REAL ACTION ARMED] phase=DONE conf=0.95 ok=0
[real_action_bridge-4]   reason object in target, released, and robot near home
[real_action_bridge-4]   state  obj=(-0.100,+0.760,+0.009) src=vision_memory/3.57s ee=(+0.001,+0.333,+0.159) target=(-0.101,+0.761,+0.009) mode=basket target_label=basket target_src=vision
[real_action_bridge-4]   flags  home=1 grasp=0 in_target=1 drop=0 attempts=0 phase_override=- return_home=0 placed=1
[real_action_bridge-4]   policy ppo=HOME prior=STOP raw=STOP exec=STOP blocked=0 grip=hold dxyz=(-0.013,-0.012,-0.040)
[real_action_bridge-4]   target -
[real_action_bridge-4]   exec   hold: phase=DONE stage=IDLE plan=DONE fail=-
[real_action_bridge-4]   age    img=1.38s box=1.38s mot=0.04s grip=0.04s plan=17.35s
[real_action_bridge-4] 
[real_action_bridge-4] [REAL ACTION ARMED] phase=DONE conf=0.95 ok=0
[real_action_bridge-4]   reason object in target, released, and robot near home
[real_action_bridge-4]   state  obj=(-0.100,+0.762,+0.009) src=vision/1.85s ee=(-0.009,+0.333,+0.159) target=(-0.101,+0.761,+0.009) mode=basket target_label=basket target_src=vision_memory
[real_action_bridge-4]   flags  home=1 grasp=0 in_target=1 drop=0 attempts=0 phase_override=- return_home=0 placed=1
[real_action_bridge-4]   policy ppo=HOME prior=STOP raw=STOP exec=STOP blocked=0 grip=hold dxyz=(-0.013,-0.012,-0.040)
[real_action_bridge-4]   target -
[real_action_bridge-4]   exec   hold: phase=DONE stage=IDLE plan=DONE fail=-
[real_action_bridge-4]   age    img=0.46s box=1.88s mot=0.03s grip=0.03s plan=17.84s
[real_action_bridge-4] 
[real_action_bridge-4] [REAL ACTION ARMED] phase=DONE conf=0.95 ok=0
[real_action_bridge-4]   reason object in target, released, and robot near home
[real_action_bridge-4]   state  obj=(-0.100,+0.762,+0.009) src=vision/2.34s ee=(-0.006,+0.333,+0.159) target=(-0.101,+0.761,+0.009) mode=basket target_label=basket target_src=vision_memory
[real_action_bridge-4]   flags  home=1 grasp=0 in_target=1 drop=0 attempts=0 phase_override=- return_home=0 placed=1
[real_action_bridge-4]   policy ppo=HOME prior=STOP raw=STOP exec=STOP blocked=0 grip=hold dxyz=(-0.014,-0.012,-0.040)
[real_action_bridge-4]   target -
[real_action_bridge-4]   exec   hold: phase=DONE stage=IDLE plan=DONE fail=-
[real_action_bridge-4]   age    img=0.96s box=2.38s mot=0.04s grip=0.04s plan=18.34s
[real_action_bridge-4] 
[real_action_bridge-4] [REAL ACTION ARMED] phase=DONE conf=0.95 ok=0
[real_action_bridge-4]   reason object in target, released, and robot near home
[real_action_bridge-4]   state  obj=(-0.100,+0.762,+0.009) src=vision_memory/2.84s ee=(-0.003,+0.333,+0.159) target=(-0.100,+0.760,+0.009) mode=basket target_label=basket target_src=vision
[real_action_bridge-4]   flags  home=1 grasp=0 in_target=1 drop=0 attempts=0 phase_override=- return_home=0 placed=1
[real_action_bridge-4]   policy ppo=HOME prior=STOP raw=STOP exec=STOP blocked=0 grip=hold dxyz=(-0.014,-0.012,-0.040)
[real_action_bridge-4]   target -
[real_action_bridge-4]   exec   hold: phase=DONE stage=IDLE plan=DONE fail=-
[real_action_bridge-4]   age    img=0.17s box=1.46s mot=0.03s grip=0.03s plan=18.84s
[real_action_bridge-4] 
[real_action_bridge-4] [REAL ACTION ARMED] phase=DONE conf=0.95 ok=0
[real_action_bridge-4]   reason object in target, released, and robot near home
[real_action_bridge-4]   state  obj=(-0.100,+0.762,+0.009) src=vision_memory/3.34s ee=(-0.006,+0.333,+0.159) target=(-0.100,+0.760,+0.009) mode=basket target_label=basket target_src=vision
[real_action_bridge-4]   flags  home=1 grasp=0 in_target=1 drop=0 attempts=0 phase_override=- return_home=0 placed=1
[real_action_bridge-4]   policy ppo=HOME prior=STOP raw=STOP exec=STOP blocked=0 grip=hold dxyz=(-0.014,-0.013,-0.040)
[real_action_bridge-4]   target -
[real_action_bridge-4]   exec   hold: phase=DONE stage=IDLE plan=DONE fail=-
[real_action_bridge-4]   age    img=0.68s box=1.96s mot=0.04s grip=0.03s plan=19.34s
[real_action_bridge-4] 
[real_action_bridge-4] [REAL ACTION ARMED] phase=DONE conf=0.95 ok=0
[real_action_bridge-4]   reason object in target, released, and robot near home
[real_action_bridge-4]   state  obj=(-0.100,+0.762,+0.009) src=vision_memory/3.85s ee=(-0.006,+0.333,+0.159) target=(-0.100,+0.760,+0.009) mode=basket target_label=basket target_src=vision
[real_action_bridge-4]   flags  home=1 grasp=0 in_target=1 drop=0 attempts=0 phase_override=- return_home=0 placed=1
[real_action_bridge-4]   policy ppo=HOME prior=STOP raw=STOP exec=STOP blocked=0 grip=hold dxyz=(-0.014,-0.013,-0.040)
[real_action_bridge-4]   target -
[real_action_bridge-4]   exec   hold: phase=DONE stage=IDLE plan=DONE fail=-
[real_action_bridge-4]   age    img=1.18s box=2.46s mot=0.04s grip=0.04s plan=19.84s
[real_action_bridge-4] 
[real_action_bridge-4] [REAL ACTION ARMED] phase=DONE conf=0.95 ok=0
[real_action_bridge-4]   reason object in target, released, and robot near home
[real_action_bridge-4]   state  obj=(-0.098,+0.762,+0.009) src=vision/1.64s ee=(-0.003,+0.333,+0.159) target=(-0.100,+0.760,+0.009) mode=basket target_label=basket target_src=vision_memory
[real_action_bridge-4]   flags  home=1 grasp=0 in_target=1 drop=0 attempts=0 phase_override=- return_home=0 placed=1
[real_action_bridge-4]   policy ppo=HOME prior=STOP raw=STOP exec=STOP blocked=0 grip=hold dxyz=(-0.014,-0.013,-0.040)
[real_action_bridge-4]   target -
[real_action_bridge-4]   exec   hold: phase=DONE stage=IDLE plan=DONE fail=-
[real_action_bridge-4]   age    img=0.23s box=1.65s mot=0.01s grip=0.01s plan=20.32s
[real_action_bridge-4] 
[real_action_bridge-4] [REAL ACTION ARMED] phase=DONE conf=0.95 ok=0
[real_action_bridge-4]   reason object in target, released, and robot near home
[real_action_bridge-4]   state  obj=(-0.098,+0.762,+0.009) src=vision_memory/2.14s ee=(-0.005,+0.333,+0.159) target=(-0.100,+0.761,+0.009) mode=basket target_label=basket target_src=vision
[real_action_bridge-4]   flags  home=1 grasp=0 in_target=1 drop=0 attempts=0 phase_override=- return_home=0 placed=1
[real_action_bridge-4]   policy ppo=HOME prior=STOP raw=STOP exec=STOP blocked=0 grip=hold dxyz=(-0.014,-0.013,-0.040)
[real_action_bridge-4]   target -
[real_action_bridge-4]   exec   hold: phase=DONE stage=IDLE plan=DONE fail=-
[real_action_bridge-4]   age    img=0.03s box=0.10s mot=0.01s grip=0.01s plan=20.81s
[real_action_bridge-4] 
[real_action_bridge-4] [REAL ACTION ARMED] phase=DONE conf=0.95 ok=0
[real_action_bridge-4]   reason object in target, released, and robot near home
[real_action_bridge-4]   state  obj=(-0.098,+0.762,+0.009) src=vision_memory/2.64s ee=(-0.005,+0.333,+0.159) target=(-0.100,+0.761,+0.009) mode=basket target_label=basket target_src=vision
[real_action_bridge-4]   flags  home=1 grasp=0 in_target=1 drop=0 attempts=0 phase_override=- return_home=0 placed=1
[real_action_bridge-4]   policy ppo=HOME prior=STOP raw=STOP exec=STOP blocked=0 grip=hold dxyz=(-0.015,-0.013,-0.040)
[real_action_bridge-4]   target -
[real_action_bridge-4]   exec   hold: phase=DONE stage=IDLE plan=DONE fail=-
[real_action_bridge-4]   age    img=0.03s box=0.08s mot=0.00s grip=0.00s plan=21.31s
[real_action_bridge-4] [STT] 인식: '초록색 블록을 파란색 블록 위에서 하죠.'
[real_action_bridge-4] [0m[INFO] [1782895587.947057980] [ppo_action_bridge]: [stt_grounding] text='초록색 블록을 파란색 블록 위에서 하죠.' color=green obj=(-0.180,0.444) tgt=(-0.334,0.569) task=stack[0m
[real_action_bridge-4] 
[real_action_bridge-4] [STT] 대기 중... 스페이스바=녹음 시작  q=종료
[real_action_bridge-4] 
[real_action_bridge-4] [REAL ACTION ARMED] phase=DONE conf=0.95 ok=0
[real_action_bridge-4]   reason object in target, released, and robot near home
[real_action_bridge-4]   state  obj=(-0.180,+0.444,+0.009) src=vision/0.02s ee=(-0.005,+0.333,+0.159) target=(-0.100,+0.761,+0.009) mode=basket target_label=basket target_src=vision_memory
[real_action_bridge-4]   flags  home=1 grasp=0 in_target=1 drop=0 attempts=0 phase_override=- return_home=0 placed=1
[real_action_bridge-4]   policy ppo=HOME prior=STOP raw=STOP exec=STOP blocked=0 grip=hold dxyz=(-0.016,-0.011,-0.039)
[real_action_bridge-4]   target -
[real_action_bridge-4]   exec   hold: phase=DONE stage=IDLE plan=DONE fail=-
[real_action_bridge-4]   age    img=0.03s box=0.03s mot=0.00s grip=0.00s plan=21.81s
[real_action_bridge-4] 
[real_action_bridge-4] [REAL ACTION ARMED] phase=DONE conf=0.95 ok=0
[real_action_bridge-4]   reason object in target, released, and robot near home
[real_action_bridge-4]   state  obj=(-0.183,+0.445,+0.009) src=vision/0.03s ee=(-0.004,+0.333,+0.159) target=(-0.100,+0.761,+0.009) mode=basket target_label=basket target_src=vision_memory
[real_action_bridge-4]   flags  home=1 grasp=0 in_target=1 drop=0 attempts=0 phase_override=- return_home=0 placed=1
[real_action_bridge-4]   policy ppo=HOME prior=STOP raw=STOP exec=STOP blocked=0 grip=hold dxyz=(-0.016,-0.011,-0.040)
[real_action_bridge-4]   target -
[real_action_bridge-4]   exec   hold: phase=DONE stage=IDLE plan=DONE fail=-
[real_action_bridge-4]   age    img=0.01s box=0.03s mot=0.00s grip=0.00s plan=22.31s
[real_action_bridge-4] 
[real_action_bridge-4] [REAL ACTION ARMED] phase=DONE conf=0.95 ok=0
[real_action_bridge-4]   reason object in target, released, and robot near home
[real_action_bridge-4]   state  obj=(-0.179,+0.445,+0.009) src=vision/0.05s ee=(-0.005,+0.333,+0.159) target=(-0.100,+0.761,+0.009) mode=basket target_label=basket target_src=vision_memory
[real_action_bridge-4]   flags  home=1 grasp=0 in_target=1 drop=0 attempts=0 phase_override=- return_home=0 placed=1
[real_action_bridge-4]   policy ppo=HOME prior=STOP raw=STOP exec=STOP blocked=0 grip=hold dxyz=(-0.016,-0.011,-0.040)
[real_action_bridge-4]   target -
[real_action_bridge-4]   exec   hold: phase=DONE stage=IDLE plan=DONE fail=-
[real_action_bridge-4]   age    img=0.01s box=0.05s mot=0.00s grip=0.00s plan=22.81s
[real_action_bridge-4] 
[real_action_bridge-4] [REAL ACTION ARMED] phase=DONE conf=0.95 ok=0
[real_action_bridge-4]   reason object in target, released, and robot near home
[real_action_bridge-4]   state  obj=(-0.181,+0.446,+0.009) src=vision/0.05s ee=(-0.005,+0.333,+0.159) target=(-0.099,+0.760,+0.009) mode=basket target_label=basket target_src=vision
[real_action_bridge-4]   flags  home=1 grasp=0 in_target=1 drop=0 attempts=0 phase_override=- return_home=0 placed=1
[real_action_bridge-4]   policy ppo=HOME prior=STOP raw=STOP exec=STOP blocked=0 grip=hold dxyz=(-0.016,-0.011,-0.040)
[real_action_bridge-4]   target -
[real_action_bridge-4]   exec   hold: phase=DONE stage=IDLE plan=DONE fail=-
[real_action_bridge-4]   age    img=0.02s box=0.05s mot=0.00s grip=0.00s plan=23.31s
[real_action_bridge-4] 
[real_action_bridge-4] [REAL ACTION ARMED] phase=DONE conf=0.95 ok=0
[real_action_bridge-4]   reason object in target, released, and robot near home
[real_action_bridge-4]   state  obj=(-0.181,+0.443,+0.009) src=vision/0.06s ee=(-0.005,+0.333,+0.159) target=(-0.099,+0.760,+0.009) mode=basket target_label=basket target_src=vision_memory
[real_action_bridge-4]   flags  home=1 grasp=0 in_target=1 drop=0 attempts=0 phase_override=- return_home=0 placed=1
[real_action_bridge-4]   policy ppo=HOME prior=STOP raw=STOP exec=STOP blocked=0 grip=hold dxyz=(-0.016,-0.012,-0.040)
[real_action_bridge-4]   target -
[real_action_bridge-4]   exec   hold: phase=DONE stage=IDLE plan=DONE fail=-
[real_action_bridge-4]   age    img=0.03s box=0.03s mot=0.00s grip=0.00s plan=23.81s
[real_action_bridge-4] 
[real_action_bridge-4] [REAL ACTION ARMED] phase=DONE conf=0.95 ok=0
[real_action_bridge-4]   reason object in target, released, and robot near home
[real_action_bridge-4]   state  obj=(-0.183,+0.445,+0.009) src=vision/0.06s ee=(-0.006,+0.333,+0.159) target=(-0.099,+0.760,+0.009) mode=basket target_label=basket target_src=vision_memory
[real_action_bridge-4]   flags  home=1 grasp=0 in_target=1 drop=0 attempts=0 phase_override=- return_home=0 placed=1
[real_action_bridge-4]   policy ppo=HOME prior=STOP raw=STOP exec=STOP blocked=0 grip=hold dxyz=(-0.016,-0.012,-0.040)
[real_action_bridge-4]   target -
[real_action_bridge-4]   exec   hold: phase=DONE stage=IDLE plan=DONE fail=-
[real_action_bridge-4]   age    img=0.03s box=0.03s mot=0.00s grip=0.00s plan=24.31s
[real_action_bridge-4] 
[real_action_bridge-4] [REAL ACTION ARMED] phase=DONE conf=0.95 ok=0
[real_action_bridge-4]   reason object in target, released, and robot near home
[real_action_bridge-4]   state  obj=(-0.181,+0.443,+0.009) src=vision/0.04s ee=(-0.006,+0.333,+0.159) target=(-0.099,+0.760,+0.009) mode=basket target_label=basket target_src=vision
[real_action_bridge-4]   flags  home=1 grasp=0 in_target=1 drop=0 attempts=0 phase_override=- return_home=0 placed=1
[real_action_bridge-4]   policy ppo=HOME prior=STOP raw=STOP exec=STOP blocked=0 grip=hold dxyz=(-0.017,-0.012,-0.040)
[real_action_bridge-4]   target -
[real_action_bridge-4]   exec   hold: phase=DONE stage=IDLE plan=DONE fail=-
[real_action_bridge-4]   age    img=0.01s box=0.04s mot=0.00s grip=0.00s plan=24.81s
[real_action_bridge-4] 
[real_action_bridge-4] [REAL ACTION ARMED] phase=DONE conf=0.95 ok=0
[real_action_bridge-4]   reason object in target, released, and robot near home
[real_action_bridge-4]   state  obj=(-0.182,+0.441,+0.009) src=vision/0.04s ee=(-0.006,+0.333,+0.159) target=(-0.099,+0.760,+0.009) mode=basket target_label=basket target_src=vision_memory
[real_action_bridge-4]   flags  home=1 grasp=0 in_target=1 drop=0 attempts=0 phase_override=- return_home=0 placed=1
[real_action_bridge-4]   policy ppo=HOME prior=STOP raw=STOP exec=STOP blocked=0 grip=hold dxyz=(-0.017,-0.012,-0.040)
[real_action_bridge-4]   target -
[real_action_bridge-4]   exec   hold: phase=DONE stage=IDLE plan=DONE fail=-
[real_action_bridge-4]   age    img=0.01s box=0.05s mot=0.01s grip=0.01s plan=25.31s
[real_action_bridge-4] 
[real_action_bridge-4] [STT] 녹음 중... 스페이스바=종료  q=취소
[real_action_bridge-4] 
[real_action_bridge-4] [REAL ACTION ARMED] phase=DONE conf=0.95 ok=0
[real_action_bridge-4]   reason object in target, released, and robot near home
[real_action_bridge-4]   state  obj=(-0.180,+0.441,+0.009) src=vision/0.05s ee=(-0.005,+0.333,+0.159) target=(-0.099,+0.760,+0.009) mode=basket target_label=basket target_src=vision_memory
[real_action_bridge-4]   flags  home=1 grasp=0 in_target=1 drop=0 attempts=0 phase_override=- return_home=0 placed=1
[real_action_bridge-4]   policy ppo=HOME prior=STOP raw=STOP exec=STOP blocked=0 grip=hold dxyz=(-0.017,-0.012,-0.040)
[real_action_bridge-4]   target -
[real_action_bridge-4]   exec   hold: phase=DONE stage=IDLE plan=DONE fail=-
[real_action_bridge-4]   age    img=0.02s box=0.05s mot=0.00s grip=0.00s plan=25.81s
[real_action_bridge-4] 
[real_action_bridge-4] [REAL ACTION ARMED] phase=DONE conf=0.95 ok=0
[real_action_bridge-4]   reason object in target, released, and robot near home
[real_action_bridge-4]   state  obj=(-0.180,+0.442,+0.009) src=vision/0.05s ee=(-0.005,+0.333,+0.159) target=(-0.099,+0.760,+0.009) mode=basket target_label=basket target_src=vision
[real_action_bridge-4]   flags  home=1 grasp=0 in_target=1 drop=0 attempts=0 phase_override=- return_home=0 placed=1
[real_action_bridge-4]   policy ppo=HOME prior=STOP raw=STOP exec=STOP blocked=0 grip=hold dxyz=(-0.017,-0.013,-0.040)
[real_action_bridge-4]   target -
[real_action_bridge-4]   exec   hold: phase=DONE stage=IDLE plan=DONE fail=-
[real_action_bridge-4]   age    img=0.02s box=0.06s mot=0.00s grip=0.00s plan=26.31s
[real_action_bridge-4] 
[real_action_bridge-4] [REAL ACTION ARMED] phase=DONE conf=0.95 ok=0
[real_action_bridge-4]   reason object in target, released, and robot near home
[real_action_bridge-4]   state  obj=(-0.180,+0.443,+0.009) src=vision/0.03s ee=(-0.005,+0.333,+0.159) target=(-0.101,+0.760,+0.009) mode=basket target_label=basket target_src=vision
[real_action_bridge-4]   flags  home=1 grasp=0 in_target=1 drop=0 attempts=0 phase_override=- return_home=0 placed=1
[real_action_bridge-4]   policy ppo=HOME prior=STOP raw=STOP exec=STOP blocked=0 grip=hold dxyz=(-0.017,-0.013,-0.040)
[real_action_bridge-4]   target -
[real_action_bridge-4]   exec   hold: phase=DONE stage=IDLE plan=DONE fail=-
[real_action_bridge-4]   age    img=0.03s box=0.03s mot=0.00s grip=0.00s plan=26.81s
[real_action_bridge-4] 
[real_action_bridge-4] [REAL ACTION ARMED] phase=DONE conf=0.95 ok=0
[real_action_bridge-4]   reason object in target, released, and robot near home
[real_action_bridge-4]   state  obj=(-0.181,+0.445,+0.009) src=vision/0.03s ee=(-0.005,+0.333,+0.159) target=(-0.101,+0.760,+0.009) mode=basket target_label=basket target_src=vision_memory
[real_action_bridge-4]   flags  home=1 grasp=0 in_target=1 drop=0 attempts=0 phase_override=- return_home=0 placed=1
[real_action_bridge-4]   policy ppo=HOME prior=STOP raw=STOP exec=STOP blocked=0 grip=hold dxyz=(-0.017,-0.013,-0.040)
[real_action_bridge-4]   target -
[real_action_bridge-4]   exec   hold: phase=DONE stage=IDLE plan=DONE fail=-
[real_action_bridge-4]   age    img=0.04s box=0.04s mot=0.00s grip=0.00s plan=27.31s
[real_action_bridge-4] 
[real_action_bridge-4] [REAL ACTION ARMED] phase=DONE conf=0.95 ok=0
[real_action_bridge-4]   reason object in target, released, and robot near home
[real_action_bridge-4]   state  obj=(-0.182,+0.444,+0.009) src=vision/0.04s ee=(-0.005,+0.333,+0.159) target=(-0.101,+0.760,+0.009) mode=basket target_label=basket target_src=vision_memory
[real_action_bridge-4]   flags  home=1 grasp=0 in_target=1 drop=0 attempts=0 phase_override=- return_home=0 placed=1
[real_action_bridge-4]   policy ppo=HOME prior=STOP raw=STOP exec=STOP blocked=0 grip=hold dxyz=(-0.017,-0.013,-0.040)
[real_action_bridge-4]   target -
[real_action_bridge-4]   exec   hold: phase=DONE stage=IDLE plan=DONE fail=-
[real_action_bridge-4]   age    img=0.02s box=0.05s mot=0.01s grip=0.01s plan=27.82s
[real_action_bridge-4] 
[real_action_bridge-4] [REAL ACTION ARMED] phase=DONE conf=0.95 ok=0
[real_action_bridge-4]   reason object in target, released, and robot near home
[real_action_bridge-4]   state  obj=(-0.182,+0.444,+0.009) src=vision/0.22s ee=(-0.005,+0.333,+0.159) target=(-0.101,+0.760,+0.009) mode=basket target_label=basket target_src=vision_memory
[real_action_bridge-4]   flags  home=1 grasp=0 in_target=1 drop=0 attempts=0 phase_override=- return_home=0 placed=1
[real_action_bridge-4]   policy ppo=HOME prior=STOP raw=STOP exec=STOP blocked=0 grip=hold dxyz=(-0.018,-0.013,-0.040)
[real_action_bridge-4]   target -
[real_action_bridge-4]   exec   hold: phase=DONE stage=IDLE plan=DONE fail=-
[real_action_bridge-4]   age    img=0.22s box=0.26s mot=0.05s grip=0.04s plan=28.35s
[real_action_bridge-4] 
[real_action_bridge-4] [REAL ACTION ARMED] phase=DONE conf=0.95 ok=0
[real_action_bridge-4]   reason object in target, released, and robot near home
[real_action_bridge-4]   state  obj=(-0.182,+0.444,+0.009) src=vision/0.72s ee=(-0.010,+0.333,+0.159) target=(-0.101,+0.760,+0.009) mode=basket target_label=basket target_src=vision_memory
[real_action_bridge-4]   flags  home=1 grasp=0 in_target=1 drop=0 attempts=0 phase_override=- return_home=0 placed=1
[real_action_bridge-4]   policy ppo=HOME prior=STOP raw=STOP exec=STOP blocked=0 grip=hold dxyz=(-0.018,-0.013,-0.040)
[real_action_bridge-4]   target -
[real_action_bridge-4]   exec   hold: phase=DONE stage=IDLE plan=DONE fail=-
[real_action_bridge-4]   age    img=0.71s box=0.75s mot=0.04s grip=0.04s plan=28.84s
[real_action_bridge-4] 
[real_action_bridge-4] [REAL ACTION ARMED] phase=DONE conf=0.95 ok=0
[real_action_bridge-4]   reason object in target, released, and robot near home
[real_action_bridge-4]   state  obj=(-0.182,+0.444,+0.009) src=vision/1.22s ee=(+0.001,+0.333,+0.159) target=(-0.101,+0.760,+0.009) mode=basket target_label=basket target_src=vision_memory
[real_action_bridge-4]   flags  home=1 grasp=0 in_target=1 drop=0 attempts=0 phase_override=- return_home=0 placed=1
[real_action_bridge-4]   policy ppo=HOME prior=STOP raw=STOP exec=STOP blocked=0 grip=hold dxyz=(-0.018,-0.013,-0.040)
[real_action_bridge-4]   target -
[real_action_bridge-4]   exec   hold: phase=DONE stage=IDLE plan=DONE fail=-
[real_action_bridge-4]   age    img=1.21s box=1.21s mot=0.03s grip=0.03s plan=29.34s
[real_action_bridge-4] 
[real_action_bridge-4] [REAL ACTION ARMED] phase=DONE conf=0.95 ok=0
[real_action_bridge-4]   reason object in target, released, and robot near home
[real_action_bridge-4]   state  obj=(-0.182,+0.446,+0.009) src=vision/1.69s ee=(-0.005,+0.333,+0.159) target=(-0.099,+0.761,+0.009) mode=basket target_label=basket target_src=vision
[real_action_bridge-4]   flags  home=1 grasp=0 in_target=1 drop=0 attempts=0 phase_override=- return_home=0 placed=1
[real_action_bridge-4]   policy ppo=HOME prior=STOP raw=STOP exec=STOP blocked=0 grip=hold dxyz=(-0.018,-0.014,-0.040)
[real_action_bridge-4]   target -
[real_action_bridge-4]   exec   hold: phase=DONE stage=IDLE plan=DONE fail=-
[real_action_bridge-4]   age    img=0.49s box=1.72s mot=0.04s grip=0.04s plan=29.85s
[real_action_bridge-4] [STT] 녹음 완료 (3.4초), 음성 인식 중...
[real_action_bridge-4] 
[real_action_bridge-4] [REAL ACTION ARMED] phase=DONE conf=0.95 ok=0
[real_action_bridge-4]   reason object in target, released, and robot near home
[real_action_bridge-4]   state  obj=(-0.182,+0.446,+0.009) src=vision/2.18s ee=(-0.011,+0.333,+0.159) target=(-0.099,+0.761,+0.009) mode=basket target_label=basket target_src=vision
[real_action_bridge-4]   flags  home=1 grasp=0 in_target=1 drop=0 attempts=0 phase_override=- return_home=0 placed=1
[real_action_bridge-4]   policy ppo=HOME prior=STOP raw=STOP exec=STOP blocked=0 grip=hold dxyz=(-0.018,-0.014,-0.040)
[real_action_bridge-4]   target -
[real_action_bridge-4]   exec   hold: phase=DONE stage=IDLE plan=DONE fail=-
[real_action_bridge-4]   age    img=1.88s box=3.10s mot=0.93s grip=0.93s plan=31.23s
[real_action_bridge-4] 
[real_action_bridge-4] [REAL ACTION ARMED] phase=DONE conf=0.95 ok=0
[real_action_bridge-4]   reason object in target, released, and robot near home
[real_action_bridge-4]   state  obj=(-0.182,+0.446,+0.009) src=vision/3.11s ee=(-0.011,+0.333,+0.159) target=(-0.099,+0.761,+0.009) mode=basket target_label=basket target_src=vision
[real_action_bridge-4]   flags  home=1 grasp=0 in_target=1 drop=0 attempts=0 phase_override=- return_home=0 placed=1
[real_action_bridge-4]   policy ppo=HOME prior=STOP raw=STOP exec=STOP blocked=0 grip=hold dxyz=(-0.018,-0.014,-0.040)
[real_action_bridge-4]   target -
[real_action_bridge-4]   exec   hold: phase=DONE stage=IDLE plan=DONE fail=-
[real_action_bridge-4]   age    img=1.93s box=1.93s mot=0.05s grip=0.05s plan=31.29s
[real_action_bridge-4] 
[real_action_bridge-4] [REAL ACTION ARMED] phase=DONE conf=0.95 ok=0
[real_action_bridge-4]   reason object in target, released, and robot near home
[real_action_bridge-4]   state  obj=(-0.180,+0.444,+0.009) src=vision/1.96s ee=(-0.005,+0.333,+0.159) target=(-0.100,+0.760,+0.009) mode=basket target_label=basket target_src=vision
[real_action_bridge-4]   flags  home=1 grasp=0 in_target=1 drop=0 attempts=0 phase_override=- return_home=0 placed=1
[real_action_bridge-4]   policy ppo=HOME prior=STOP raw=STOP exec=STOP blocked=0 grip=hold dxyz=(-0.018,-0.014,-0.040)
[real_action_bridge-4]   target -
[real_action_bridge-4]   exec   hold: phase=DONE stage=IDLE plan=DONE fail=-
[real_action_bridge-4]   age    img=1.98s box=1.98s mot=0.04s grip=0.03s plan=31.34s
[real_action_bridge-4] 
[real_action_bridge-4] [REAL ACTION ARMED] phase=DONE conf=0.95 ok=0
[real_action_bridge-4]   reason object in target, released, and robot near home
[real_action_bridge-4]   state  obj=(-0.180,+0.444,+0.009) src=vision/2.45s ee=(-0.011,+0.333,+0.159) target=(-0.100,+0.760,+0.009) mode=basket target_label=basket target_src=vision
[real_action_bridge-4]   flags  home=1 grasp=0 in_target=1 drop=0 attempts=0 phase_override=- return_home=0 placed=1
[real_action_bridge-4]   policy ppo=HOME prior=STOP raw=STOP exec=STOP blocked=0 grip=hold dxyz=(-0.018,-0.014,-0.040)
[real_action_bridge-4]   target -
[real_action_bridge-4]   exec   hold: phase=DONE stage=IDLE plan=DONE fail=-
[real_action_bridge-4]   age    img=0.52s box=2.48s mot=0.03s grip=0.03s plan=31.84s
[real_action_bridge-4] 
[real_action_bridge-4] [REAL ACTION ARMED] phase=DONE conf=0.95 ok=0
[real_action_bridge-4]   reason object in target, released, and robot near home
[real_action_bridge-4]   state  obj=(-0.180,+0.444,+0.009) src=vision/2.95s ee=(+0.004,+0.333,+0.159) target=(-0.100,+0.760,+0.009) mode=basket target_label=basket target_src=vision
[real_action_bridge-4]   flags  home=1 grasp=0 in_target=1 drop=0 attempts=0 phase_override=- return_home=0 placed=1
[real_action_bridge-4]   policy ppo=HOME prior=STOP raw=STOP exec=STOP blocked=0 grip=hold dxyz=(-0.019,-0.014,-0.040)
[real_action_bridge-4]   target -
[real_action_bridge-4]   exec   hold: phase=DONE stage=IDLE plan=DONE fail=-
[real_action_bridge-4]   age    img=1.02s box=2.99s mot=0.04s grip=0.04s plan=32.34s
[real_action_bridge-4] 
[real_action_bridge-4] [REAL ACTION ARMED] phase=DONE conf=0.95 ok=0
[real_action_bridge-4]   reason object in target, released, and robot near home
[real_action_bridge-4]   state  obj=(-0.181,+0.446,+0.009) src=vision/1.50s ee=(-0.004,+0.333,+0.159) target=(-0.102,+0.760,+0.009) mode=basket target_label=basket target_src=vision
[real_action_bridge-4]   flags  home=1 grasp=0 in_target=1 drop=0 attempts=0 phase_override=- return_home=0 placed=1
[real_action_bridge-4]   policy ppo=HOME prior=STOP raw=STOP exec=STOP blocked=0 grip=hold dxyz=(-0.019,-0.014,-0.040)
[real_action_bridge-4]   target -
[real_action_bridge-4]   exec   hold: phase=DONE stage=IDLE plan=DONE fail=-
[real_action_bridge-4]   age    img=1.51s box=1.51s mot=0.03s grip=0.02s plan=32.84s
[real_action_bridge-4] 
[real_action_bridge-4] [REAL ACTION ARMED] phase=DONE conf=0.95 ok=0
[real_action_bridge-4]   reason object in target, released, and robot near home
[real_action_bridge-4]   state  obj=(-0.181,+0.446,+0.009) src=vision/1.99s ee=(-0.010,+0.333,+0.159) target=(-0.102,+0.760,+0.009) mode=basket target_label=basket target_src=vision
[real_action_bridge-4]   flags  home=1 grasp=0 in_target=1 drop=0 attempts=0 phase_override=- return_home=0 placed=1
[real_action_bridge-4]   policy ppo=HOME prior=STOP raw=STOP exec=STOP blocked=0 grip=hold dxyz=(-0.019,-0.014,-0.040)
[real_action_bridge-4]   target -
[real_action_bridge-4]   exec   hold: phase=DONE stage=IDLE plan=DONE fail=-
[real_action_bridge-4]   age    img=0.52s box=2.00s mot=0.01s grip=0.01s plan=33.32s
[real_action_bridge-4] 
[real_action_bridge-4] [REAL ACTION ARMED] phase=DONE conf=0.95 ok=0
[real_action_bridge-4]   reason object in target, released, and robot near home
[real_action_bridge-4]   state  obj=(-0.179,+0.445,+0.009) src=vision/0.06s ee=(-0.005,+0.333,+0.159) target=(-0.100,+0.760,+0.009) mode=basket target_label=basket target_src=vision
[real_action_bridge-4]   flags  home=1 grasp=0 in_target=1 drop=0 attempts=0 phase_override=- return_home=0 placed=1
[real_action_bridge-4]   policy ppo=HOME prior=STOP raw=STOP exec=STOP blocked=0 grip=hold dxyz=(-0.019,-0.015,-0.040)
[real_action_bridge-4]   target -
[real_action_bridge-4]   exec   hold: phase=DONE stage=IDLE plan=DONE fail=-
[real_action_bridge-4]   age    img=0.02s box=0.06s mot=0.01s grip=0.01s plan=33.82s
[real_action_bridge-4] 
[real_action_bridge-4] [REAL ACTION ARMED] phase=DONE conf=0.95 ok=0
[real_action_bridge-4]   reason object in target, released, and robot near home
[real_action_bridge-4]   state  obj=(-0.181,+0.445,+0.009) src=vision/0.08s ee=(-0.004,+0.333,+0.159) target=(-0.102,+0.761,+0.009) mode=basket target_label=basket target_src=vision
[real_action_bridge-4]   flags  home=1 grasp=0 in_target=1 drop=0 attempts=0 phase_override=- return_home=0 placed=1
[real_action_bridge-4]   policy ppo=HOME prior=STOP raw=STOP exec=STOP blocked=0 grip=hold dxyz=(-0.019,-0.015,-0.040)
[real_action_bridge-4]   target -
[real_action_bridge-4]   exec   hold: phase=DONE stage=IDLE plan=DONE fail=-
[real_action_bridge-4]   age    img=0.05s box=0.09s mot=0.00s grip=0.01s plan=34.31s
[real_action_bridge-4] 
[real_action_bridge-4] [REAL ACTION ARMED] phase=DONE conf=0.95 ok=0
[real_action_bridge-4]   reason object in target, released, and robot near home
[real_action_bridge-4]   state  obj=(-0.180,+0.444,+0.009) src=vision/0.08s ee=(-0.005,+0.333,+0.159) target=(-0.099,+0.760,+0.009) mode=basket target_label=basket target_src=vision
[real_action_bridge-4]   flags  home=1 grasp=0 in_target=1 drop=0 attempts=0 phase_override=- return_home=0 placed=1
[real_action_bridge-4]   policy ppo=HOME prior=STOP raw=STOP exec=STOP blocked=0 grip=hold dxyz=(-0.019,-0.015,-0.040)
[real_action_bridge-4]   target -
[real_action_bridge-4]   exec   hold: phase=DONE stage=IDLE plan=DONE fail=-
[real_action_bridge-4]   age    img=0.03s box=0.08s mot=0.00s grip=0.00s plan=34.81s
[real_action_bridge-4] 
[real_action_bridge-4] [REAL ACTION ARMED] phase=DONE conf=0.95 ok=0
[real_action_bridge-4]   reason object in target, released, and robot near home
[real_action_bridge-4]   state  obj=(-0.184,+0.445,+0.009) src=vision/0.05s ee=(-0.003,+0.333,+0.159) target=(-0.098,+0.763,+0.009) mode=basket target_label=basket target_src=vision
[real_action_bridge-4]   flags  home=1 grasp=0 in_target=1 drop=0 attempts=0 phase_override=- return_home=0 placed=1
[real_action_bridge-4]   policy ppo=HOME prior=STOP raw=STOP exec=STOP blocked=0 grip=hold dxyz=(-0.019,-0.015,-0.040)
[real_action_bridge-4]   target -
[real_action_bridge-4]   exec   hold: phase=DONE stage=IDLE plan=DONE fail=-
[real_action_bridge-4]   age    img=0.05s box=0.05s mot=0.00s grip=0.00s plan=35.31s
[real_action_bridge-4] 
[real_action_bridge-4] [REAL ACTION ARMED] phase=DONE conf=0.95 ok=0
[real_action_bridge-4]   reason object in target, released, and robot near home
[real_action_bridge-4]   state  obj=(-0.180,+0.442,+0.009) src=vision/0.07s ee=(-0.005,+0.333,+0.159) target=(-0.101,+0.761,+0.009) mode=basket target_label=basket target_src=vision
[real_action_bridge-4]   flags  home=1 grasp=0 in_target=1 drop=0 attempts=0 phase_override=- return_home=0 placed=1
[real_action_bridge-4]   policy ppo=HOME prior=STOP raw=STOP exec=STOP blocked=0 grip=hold dxyz=(-0.019,-0.015,-0.040)
[real_action_bridge-4]   target -
[real_action_bridge-4]   exec   hold: phase=DONE stage=IDLE plan=DONE fail=-
[real_action_bridge-4]   age    img=0.02s box=0.07s mot=0.01s grip=0.00s plan=35.81s
[real_action_bridge-4] 
[real_action_bridge-4] [REAL ACTION ARMED] phase=DONE conf=0.95 ok=0
[real_action_bridge-4]   reason object in target, released, and robot near home
[real_action_bridge-4]   state  obj=(-0.183,+0.443,+0.009) src=vision/0.09s ee=(-0.005,+0.333,+0.159) target=(-0.099,+0.760,+0.009) mode=basket target_label=basket target_src=vision
[real_action_bridge-4]   flags  home=1 grasp=0 in_target=1 drop=0 attempts=0 phase_override=- return_home=0 placed=1
[real_action_bridge-4]   policy ppo=HOME prior=STOP raw=STOP exec=STOP blocked=0 grip=hold dxyz=(-0.019,-0.015,-0.040)
[real_action_bridge-4]   target -
[real_action_bridge-4]   exec   hold: phase=DONE stage=IDLE plan=DONE fail=-
[real_action_bridge-4]   age    img=0.04s box=0.10s mot=0.00s grip=0.01s plan=36.31s
[real_action_bridge-4] 
[real_action_bridge-4] [REAL ACTION ARMED] phase=DONE conf=0.95 ok=0
[real_action_bridge-4]   reason object in target, released, and robot near home
[real_action_bridge-4]   state  obj=(-0.180,+0.442,+0.009) src=vision/0.04s ee=(-0.005,+0.333,+0.159) target=(-0.099,+0.762,+0.009) mode=basket target_label=basket target_src=vision
[real_action_bridge-4]   flags  home=1 grasp=0 in_target=1 drop=0 attempts=0 phase_override=- return_home=0 placed=1
[real_action_bridge-4]   policy ppo=HOME prior=STOP raw=STOP exec=STOP blocked=0 grip=hold dxyz=(-0.019,-0.015,-0.040)
[real_action_bridge-4]   target -
[real_action_bridge-4]   exec   hold: phase=DONE stage=IDLE plan=DONE fail=-
[real_action_bridge-4]   age    img=0.01s box=0.05s mot=0.00s grip=0.00s plan=36.81s
[real_action_bridge-4] 
[real_action_bridge-4] [REAL ACTION ARMED] phase=DONE conf=0.95 ok=0
[real_action_bridge-4]   reason object in target, released, and robot near home
[real_action_bridge-4]   state  obj=(-0.180,+0.443,+0.009) src=vision/0.07s ee=(-0.004,+0.333,+0.159) target=(-0.099,+0.761,+0.009) mode=basket target_label=basket target_src=vision
[real_action_bridge-4]   flags  home=1 grasp=0 in_target=1 drop=0 attempts=0 phase_override=- return_home=0 placed=1
[real_action_bridge-4]   policy ppo=HOME prior=STOP raw=STOP exec=STOP blocked=0 grip=hold dxyz=(-0.020,-0.015,-0.040)
[real_action_bridge-4]   target -
[real_action_bridge-4]   exec   hold: phase=DONE stage=IDLE plan=DONE fail=-
[real_action_bridge-4]   age    img=0.02s box=0.08s mot=0.01s grip=0.01s plan=37.32s
[real_action_bridge-4] 
[real_action_bridge-4] [REAL ACTION ARMED] phase=DONE conf=0.95 ok=0
[real_action_bridge-4]   reason object in target, released, and robot near home
[real_action_bridge-4]   state  obj=(-0.181,+0.445,+0.009) src=vision/0.08s ee=(-0.004,+0.333,+0.159) target=(-0.099,+0.761,+0.009) mode=basket target_label=basket target_src=vision
[real_action_bridge-4]   flags  home=1 grasp=0 in_target=1 drop=0 attempts=0 phase_override=- return_home=0 placed=1
[real_action_bridge-4]   policy ppo=HOME prior=STOP raw=STOP exec=STOP blocked=0 grip=hold dxyz=(-0.020,-0.015,-0.040)
[real_action_bridge-4]   target -
[real_action_bridge-4]   exec   hold: phase=DONE stage=IDLE plan=DONE fail=-
[real_action_bridge-4]   age    img=0.04s box=0.09s mot=0.01s grip=0.01s plan=37.81s
[real_action_bridge-4] 
[real_action_bridge-4] [REAL ACTION ARMED] phase=DONE conf=0.95 ok=0
[real_action_bridge-4]   reason object in target, released, and robot near home
[real_action_bridge-4]   state  obj=(-0.180,+0.441,+0.009) src=vision/0.08s ee=(-0.002,+0.333,+0.159) target=(-0.099,+0.761,+0.009) mode=basket target_label=basket target_src=vision_memory
[real_action_bridge-4]   flags  home=1 grasp=0 in_target=1 drop=0 attempts=0 phase_override=- return_home=0 placed=1
[real_action_bridge-4]   policy ppo=HOME prior=STOP raw=STOP exec=STOP blocked=0 grip=hold dxyz=(-0.020,-0.015,-0.040)
[real_action_bridge-4]   target -
[real_action_bridge-4]   exec   hold: phase=DONE stage=IDLE plan=DONE fail=-
[real_action_bridge-4]   age    img=0.03s box=0.08s mot=0.01s grip=0.01s plan=38.31s
[real_action_bridge-4] 
[real_action_bridge-4] [REAL ACTION ARMED] phase=DONE conf=0.95 ok=0
[real_action_bridge-4]   reason object in target, released, and robot near home
[real_action_bridge-4]   state  obj=(-0.181,+0.440,+0.009) src=vision/0.09s ee=(-0.005,+0.333,+0.159) target=(-0.102,+0.761,+0.009) mode=basket target_label=basket target_src=vision
[real_action_bridge-4]   flags  home=1 grasp=0 in_target=1 drop=0 attempts=0 phase_override=- return_home=0 placed=1
[real_action_bridge-4]   policy ppo=HOME prior=STOP raw=STOP exec=STOP blocked=0 grip=hold dxyz=(-0.020,-0.015,-0.040)
[real_action_bridge-4]   target -
[real_action_bridge-4]   exec   hold: phase=DONE stage=IDLE plan=DONE fail=-
[real_action_bridge-4]   age    img=0.09s box=0.09s mot=0.01s grip=0.01s plan=38.81s
[real_action_bridge-4] 
[real_action_bridge-4] [REAL ACTION ARMED] phase=DONE conf=0.95 ok=0
[real_action_bridge-4]   reason object in target, released, and robot near home
[real_action_bridge-4]   state  obj=(-0.179,+0.443,+0.009) src=vision/0.14s ee=(-0.006,+0.333,+0.159) target=(-0.102,+0.761,+0.009) mode=basket target_label=basket target_src=vision_memory
[real_action_bridge-4]   flags  home=1 grasp=0 in_target=1 drop=0 attempts=0 phase_override=- return_home=0 placed=1
[real_action_bridge-4]   policy ppo=HOME prior=STOP raw=STOP exec=STOP blocked=0 grip=hold dxyz=(-0.020,-0.016,-0.040)
[real_action_bridge-4]   target -
[real_action_bridge-4]   exec   hold: phase=DONE stage=IDLE plan=DONE fail=-
[real_action_bridge-4]   age    img=0.07s box=0.07s mot=0.01s grip=0.01s plan=39.31s
[real_action_bridge-4] 
[real_action_bridge-4] [REAL ACTION ARMED] phase=DONE conf=0.95 ok=0
[real_action_bridge-4]   reason object in target, released, and robot near home
[real_action_bridge-4]   state  obj=(-0.180,+0.444,+0.009) src=vision/0.16s ee=(-0.004,+0.333,+0.159) target=(-0.098,+0.760,+0.009) mode=basket target_label=basket target_src=vision
[real_action_bridge-4]   flags  home=1 grasp=0 in_target=1 drop=0 attempts=0 phase_override=- return_home=0 placed=1
[real_action_bridge-4]   policy ppo=HOME prior=STOP raw=STOP exec=STOP blocked=0 grip=hold dxyz=(-0.020,-0.016,-0.040)
[real_action_bridge-4]   target -
[real_action_bridge-4]   exec   hold: phase=DONE stage=IDLE plan=DONE fail=-
[real_action_bridge-4]   age    img=0.07s box=0.07s mot=0.01s grip=0.01s plan=39.81s
[real_action_bridge-4] 
[real_action_bridge-4] [REAL ACTION ARMED] phase=DONE conf=0.95 ok=0
[real_action_bridge-4]   reason object in target, released, and robot near home
[real_action_bridge-4]   state  obj=(-0.182,+0.443,+0.009) src=vision/0.12s ee=(-0.003,+0.333,+0.159) target=(-0.100,+0.761,+0.009) mode=basket target_label=basket target_src=vision
[real_action_bridge-4]   flags  home=1 grasp=0 in_target=1 drop=0 attempts=0 phase_override=- return_home=0 placed=1
[real_action_bridge-4]   policy ppo=HOME prior=STOP raw=STOP exec=STOP blocked=0 grip=hold dxyz=(-0.020,-0.016,-0.040)
[real_action_bridge-4]   target -
[real_action_bridge-4]   exec   hold: phase=DONE stage=IDLE plan=DONE fail=-
[real_action_bridge-4]   age    img=0.03s box=0.12s mot=0.01s grip=0.01s plan=40.31s
[real_action_bridge-4] 
[real_action_bridge-4] [REAL ACTION ARMED] phase=DONE conf=0.95 ok=0
[real_action_bridge-4]   reason object in target, released, and robot near home
[real_action_bridge-4]   state  obj=(-0.182,+0.444,+0.009) src=vision/0.06s ee=(-0.004,+0.333,+0.159) target=(-0.100,+0.761,+0.009) mode=basket target_label=basket target_src=vision_memory
[real_action_bridge-4]   flags  home=1 grasp=0 in_target=1 drop=0 attempts=0 phase_override=- return_home=0 placed=1
[real_action_bridge-4]   policy ppo=HOME prior=STOP raw=STOP exec=STOP blocked=0 grip=hold dxyz=(-0.020,-0.016,-0.040)
[real_action_bridge-4]   target -
[real_action_bridge-4]   exec   hold: phase=DONE stage=IDLE plan=DONE fail=-
[real_action_bridge-4]   age    img=0.02s box=0.07s mot=0.01s grip=0.01s plan=40.81s
[real_action_bridge-4] 
[real_action_bridge-4] [REAL ACTION ARMED] phase=DONE conf=0.95 ok=0
[real_action_bridge-4]   reason object in target, released, and robot near home
[real_action_bridge-4]   state  obj=(-0.181,+0.446,+0.009) src=vision/0.20s ee=(-0.006,+0.333,+0.159) target=(-0.098,+0.760,+0.009) mode=basket target_label=basket target_src=vision
[real_action_bridge-4]   flags  home=1 grasp=0 in_target=1 drop=0 attempts=0 phase_override=- return_home=0 placed=1
[real_action_bridge-4]   policy ppo=HOME prior=STOP raw=STOP exec=STOP blocked=0 grip=hold dxyz=(-0.020,-0.016,-0.040)
[real_action_bridge-4]   target -
[real_action_bridge-4]   exec   hold: phase=DONE stage=IDLE plan=DONE fail=-
[real_action_bridge-4]   age    img=0.16s box=0.23s mot=0.04s grip=0.04s plan=41.34s
[real_action_bridge-4] 
[real_action_bridge-4] [REAL ACTION ARMED] phase=DONE conf=0.95 ok=0
[real_action_bridge-4]   reason object in target, released, and robot near home
[real_action_bridge-4]   state  obj=(-0.183,+0.446,+0.009) src=vision/0.63s ee=(-0.003,+0.333,+0.159) target=(-0.100,+0.761,+0.009) mode=basket target_label=basket target_src=vision
[real_action_bridge-4]   flags  home=1 grasp=0 in_target=1 drop=0 attempts=0 phase_override=- return_home=0 placed=1
[real_action_bridge-4]   policy ppo=HOME prior=STOP raw=STOP exec=STOP blocked=0 grip=hold dxyz=(-0.020,-0.016,-0.040)
[real_action_bridge-4]   target -
[real_action_bridge-4]   exec   hold: phase=DONE stage=IDLE plan=DONE fail=-
[real_action_bridge-4]   age    img=0.43s box=0.66s mot=0.04s grip=0.04s plan=41.84s
[real_action_bridge-4] 
[real_action_bridge-4] [REAL ACTION ARMED] phase=DONE conf=0.95 ok=0
[real_action_bridge-4]   reason object in target, released, and robot near home
[real_action_bridge-4]   state  obj=(-0.183,+0.446,+0.009) src=vision/1.13s ee=(-0.003,+0.333,+0.159) target=(-0.100,+0.761,+0.009) mode=basket target_label=basket target_src=vision
[real_action_bridge-4]   flags  home=1 grasp=0 in_target=1 drop=0 attempts=0 phase_override=- return_home=0 placed=1
[real_action_bridge-4]   policy ppo=HOME prior=STOP raw=STOP exec=STOP blocked=0 grip=hold dxyz=(-0.020,-0.016,-0.040)
[real_action_bridge-4]   target -
[real_action_bridge-4]   exec   hold: phase=DONE stage=IDLE plan=DONE fail=-
[real_action_bridge-4]   age    img=0.94s box=1.17s mot=0.04s grip=0.04s plan=42.35s
[real_action_bridge-4] 
[real_action_bridge-4] [REAL ACTION ARMED] phase=DONE conf=0.95 ok=0
[real_action_bridge-4]   reason object in target, released, and robot near home
[real_action_bridge-4]   state  obj=(-0.180,+0.444,+0.009) src=vision/1.40s ee=(-0.003,+0.333,+0.159) target=(-0.100,+0.761,+0.009) mode=basket target_label=basket target_src=vision_memory
[real_action_bridge-4]   flags  home=1 grasp=0 in_target=1 drop=0 attempts=0 phase_override=- return_home=0 placed=1
[real_action_bridge-4]   policy ppo=HOME prior=STOP raw=STOP exec=STOP blocked=0 grip=hold dxyz=(-0.020,-0.016,-0.040)
[real_action_bridge-4]   target -
[real_action_bridge-4]   exec   hold: phase=DONE stage=IDLE plan=DONE fail=-
[real_action_bridge-4]   age    img=0.10s box=1.43s mot=0.03s grip=0.03s plan=42.84s
[real_action_bridge-4] 
[real_action_bridge-4] [REAL ACTION ARMED] phase=DONE conf=0.95 ok=0
[real_action_bridge-4]   reason object in target, released, and robot near home
[real_action_bridge-4]   state  obj=(-0.180,+0.444,+0.009) src=vision/1.90s ee=(-0.001,+0.333,+0.159) target=(-0.100,+0.761,+0.009) mode=basket target_label=basket target_src=vision_memory
[real_action_bridge-4]   flags  home=1 grasp=0 in_target=1 drop=0 attempts=0 phase_override=- return_home=0 placed=1
[real_action_bridge-4]   policy ppo=HOME prior=STOP raw=STOP exec=STOP blocked=0 grip=hold dxyz=(-0.021,-0.016,-0.040)
[real_action_bridge-4]   target -
[real_action_bridge-4]   exec   hold: phase=DONE stage=IDLE plan=DONE fail=-
[real_action_bridge-4]   age    img=0.61s box=1.94s mot=0.05s grip=0.05s plan=43.35s
[real_action_bridge-4] 
[real_action_bridge-4] [REAL ACTION ARMED] phase=DONE conf=0.95 ok=0
[real_action_bridge-4]   reason object in target, released, and robot near home
[real_action_bridge-4]   state  obj=(-0.180,+0.444,+0.009) src=vision/2.40s ee=(-0.010,+0.333,+0.159) target=(-0.100,+0.761,+0.009) mode=basket target_label=basket target_src=vision_memory
[real_action_bridge-4]   flags  home=1 grasp=0 in_target=1 drop=0 attempts=0 phase_override=- return_home=0 placed=1
[real_action_bridge-4]   policy ppo=HOME prior=STOP raw=STOP exec=STOP blocked=0 grip=hold dxyz=(-0.021,-0.016,-0.040)
[real_action_bridge-4]   target -
[real_action_bridge-4]   exec   hold: phase=DONE stage=IDLE plan=DONE fail=-
[real_action_bridge-4]   age    img=1.10s box=2.43s mot=0.04s grip=0.04s plan=43.85s
[real_action_bridge-4] 
[real_action_bridge-4] [REAL ACTION ARMED] phase=DONE conf=0.95 ok=0
[real_action_bridge-4]   reason object in target, released, and robot near home
[real_action_bridge-4]   state  obj=(-0.180,+0.442,+0.009) src=vision/1.57s ee=(-0.003,+0.333,+0.159) target=(-0.100,+0.761,+0.009) mode=basket target_label=basket target_src=vision_memory
[real_action_bridge-4]   flags  home=1 grasp=0 in_target=1 drop=0 attempts=0 phase_override=- return_home=0 placed=1
[real_action_bridge-4]   policy ppo=HOME prior=STOP raw=STOP exec=STOP blocked=0 grip=hold dxyz=(-0.021,-0.016,-0.040)
[real_action_bridge-4]   target -
[real_action_bridge-4]   exec   hold: phase=DONE stage=IDLE plan=DONE fail=-
[real_action_bridge-4]   age    img=0.13s box=1.59s mot=0.03s grip=0.03s plan=44.34s
[real_action_bridge-4] 
[real_action_bridge-4] [REAL ACTION ARMED] phase=DONE conf=0.95 ok=0
[real_action_bridge-4]   reason object in target, released, and robot near home
[real_action_bridge-4]   state  obj=(-0.180,+0.442,+0.009) src=vision/2.07s ee=(-0.004,+0.333,+0.159) target=(-0.100,+0.761,+0.009) mode=basket target_label=basket target_src=vision_memory
[real_action_bridge-4]   flags  home=1 grasp=0 in_target=1 drop=0 attempts=0 phase_override=- return_home=0 placed=1
[real_action_bridge-4]   policy ppo=HOME prior=STOP raw=STOP exec=STOP blocked=0 grip=hold dxyz=(-0.021,-0.016,-0.040)
[real_action_bridge-4]   target -
[real_action_bridge-4]   exec   hold: phase=DONE stage=IDLE plan=DONE fail=-
[real_action_bridge-4]   age    img=0.65s box=2.11s mot=0.04s grip=0.04s plan=44.85s
[real_action_bridge-4] 
[real_action_bridge-4] [REAL ACTION ARMED] phase=DONE conf=0.95 ok=0
[real_action_bridge-4]   reason object in target, released, and robot near home
[real_action_bridge-4]   state  obj=(-0.180,+0.442,+0.009) src=vision/2.57s ee=(-0.005,+0.333,+0.159) target=(-0.100,+0.761,+0.009) mode=basket target_label=basket target_src=vision_memory
[real_action_bridge-4]   flags  home=1 grasp=0 in_target=1 drop=0 attempts=0 phase_override=- return_home=0 placed=1
[real_action_bridge-4]   policy ppo=HOME prior=STOP raw=STOP exec=STOP blocked=0 grip=hold dxyz=(-0.021,-0.016,-0.040)
[real_action_bridge-4]   target -
[real_action_bridge-4]   exec   hold: phase=DONE stage=IDLE plan=DONE fail=-
[real_action_bridge-4]   age    img=1.15s box=2.61s mot=0.04s grip=0.04s plan=45.35s
[real_action_bridge-4] 
[real_action_bridge-4] [REAL ACTION ARMED] phase=DONE conf=0.95 ok=0
[real_action_bridge-4]   reason object in target, released, and robot near home
[real_action_bridge-4]   state  obj=(-0.181,+0.444,+0.009) src=vision/1.61s ee=(-0.005,+0.333,+0.159) target=(-0.099,+0.760,+0.009) mode=basket target_label=basket target_src=vision
[real_action_bridge-4]   flags  home=1 grasp=0 in_target=1 drop=0 attempts=0 phase_override=- return_home=0 placed=1
[real_action_bridge-4]   policy ppo=HOME prior=STOP raw=STOP exec=STOP blocked=0 grip=hold dxyz=(-0.021,-0.016,-0.040)
[real_action_bridge-4]   target -
[real_action_bridge-4]   exec   hold: phase=DONE stage=IDLE plan=DONE fail=-
[real_action_bridge-4]   age    img=0.25s box=1.64s mot=0.04s grip=0.04s plan=45.85s
[real_action_bridge-4] 
[real_action_bridge-4] [REAL ACTION ARMED] phase=DONE conf=0.95 ok=0
[real_action_bridge-4]   reason object in target, released, and robot near home
[real_action_bridge-4]   state  obj=(-0.181,+0.444,+0.009) src=vision/2.10s ee=(+0.004,+0.333,+0.159) target=(-0.099,+0.760,+0.009) mode=basket target_label=basket target_src=vision
[real_action_bridge-4]   flags  home=1 grasp=0 in_target=1 drop=0 attempts=0 phase_override=- return_home=0 placed=1
[real_action_bridge-4]   policy ppo=HOME prior=STOP raw=STOP exec=STOP blocked=0 grip=hold dxyz=(-0.021,-0.017,-0.040)
[real_action_bridge-4]   target -
[real_action_bridge-4]   exec   hold: phase=DONE stage=IDLE plan=DONE fail=-
[real_action_bridge-4]   age    img=0.73s box=2.11s mot=0.01s grip=0.01s plan=46.32s
[real_action_bridge-4] 
[real_action_bridge-4] [REAL ACTION ARMED] phase=DONE conf=0.95 ok=0
[real_action_bridge-4]   reason object in target, released, and robot near home
[real_action_bridge-4]   state  obj=(-0.177,+0.441,+0.009) src=vision/0.12s ee=(-0.004,+0.333,+0.159) target=(-0.102,+0.760,+0.009) mode=basket target_label=basket target_src=vision
[real_action_bridge-4]   flags  home=1 grasp=0 in_target=1 drop=0 attempts=0 phase_override=- return_home=0 placed=1
[real_action_bridge-4]   policy ppo=HOME prior=STOP raw=STOP exec=STOP blocked=0 grip=hold dxyz=(-0.021,-0.017,-0.040)
[real_action_bridge-4]   target -
[real_action_bridge-4]   exec   hold: phase=DONE stage=IDLE plan=DONE fail=-
[real_action_bridge-4]   age    img=0.05s box=0.12s mot=0.01s grip=0.01s plan=46.81s
[real_action_bridge-4] 
[real_action_bridge-4] [REAL ACTION ARMED] phase=DONE conf=0.95 ok=0
[real_action_bridge-4]   reason object in target, released, and robot near home
[real_action_bridge-4]   state  obj=(-0.183,+0.447,+0.009) src=vision/0.09s ee=(-0.004,+0.333,+0.159) target=(-0.100,+0.761,+0.009) mode=basket target_label=basket target_src=vision
[real_action_bridge-4]   flags  home=1 grasp=0 in_target=1 drop=0 attempts=0 phase_override=- return_home=0 placed=1
[real_action_bridge-4]   policy ppo=HOME prior=STOP raw=STOP exec=STOP blocked=0 grip=hold dxyz=(-0.021,-0.017,-0.040)
[real_action_bridge-4]   target -
[real_action_bridge-4]   exec   hold: phase=DONE stage=IDLE plan=DONE fail=-
[real_action_bridge-4]   age    img=0.03s box=0.10s mot=0.01s grip=0.01s plan=47.31s
[real_action_bridge-4] 
[real_action_bridge-4] [REAL ACTION ARMED] phase=DONE conf=0.95 ok=0
[real_action_bridge-4]   reason object in target, released, and robot near home
[real_action_bridge-4]   state  obj=(-0.182,+0.445,+0.009) src=vision/0.12s ee=(-0.005,+0.333,+0.159) target=(-0.100,+0.761,+0.009) mode=basket target_label=basket target_src=vision
[real_action_bridge-4]   flags  home=1 grasp=0 in_target=1 drop=0 attempts=0 phase_override=- return_home=0 placed=1
[real_action_bridge-4]   policy ppo=HOME prior=STOP raw=STOP exec=STOP blocked=0 grip=hold dxyz=(-0.021,-0.017,-0.040)
[real_action_bridge-4]   target -
[real_action_bridge-4]   exec   hold: phase=DONE stage=IDLE plan=DONE fail=-
[real_action_bridge-4]   age    img=0.04s box=0.13s mot=0.00s grip=0.01s plan=47.81s
[real_action_bridge-4] 
[real_action_bridge-4] [REAL ACTION ARMED] phase=DONE conf=0.95 ok=0
[real_action_bridge-4]   reason object in target, released, and robot near home
[real_action_bridge-4]   state  obj=(-0.179,+0.441,+0.009) src=vision/0.13s ee=(-0.005,+0.333,+0.159) target=(-0.100,+0.759,+0.009) mode=basket target_label=basket target_src=vision
[real_action_bridge-4]   flags  home=1 grasp=0 in_target=1 drop=0 attempts=0 phase_override=- return_home=0 placed=1
[real_action_bridge-4]   policy ppo=HOME prior=STOP raw=STOP exec=STOP blocked=0 grip=hold dxyz=(-0.021,-0.017,-0.040)
[real_action_bridge-4]   target -
[real_action_bridge-4]   exec   hold: phase=DONE stage=IDLE plan=DONE fail=-
[real_action_bridge-4]   age    img=0.07s box=0.14s mot=0.01s grip=0.01s plan=48.31s
[real_action_bridge-4] 
[real_action_bridge-4] [REAL ACTION ARMED] phase=DONE conf=0.95 ok=0
[real_action_bridge-4]   reason object in target, released, and robot near home
[real_action_bridge-4]   state  obj=(-0.182,+0.444,+0.009) src=vision/0.10s ee=(-0.005,+0.333,+0.159) target=(-0.100,+0.760,+0.009) mode=basket target_label=basket target_src=vision
[real_action_bridge-4]   flags  home=1 grasp=0 in_target=1 drop=0 attempts=0 phase_override=- return_home=0 placed=1
[real_action_bridge-4]   policy ppo=HOME prior=STOP raw=STOP exec=STOP blocked=0 grip=hold dxyz=(-0.021,-0.017,-0.040)
[real_action_bridge-4]   target -
[real_action_bridge-4]   exec   hold: phase=DONE stage=IDLE plan=DONE fail=-
[real_action_bridge-4]   age    img=0.03s box=0.11s mot=0.00s grip=0.01s plan=48.81s
[real_action_bridge-4] 
[real_action_bridge-4] [REAL ACTION ARMED] phase=DONE conf=0.95 ok=0
[real_action_bridge-4]   reason object in target, released, and robot near home
[real_action_bridge-4]   state  obj=(-0.182,+0.444,+0.009) src=vision/0.12s ee=(-0.005,+0.333,+0.159) target=(-0.099,+0.762,+0.009) mode=basket target_label=basket target_src=vision
[real_action_bridge-4]   flags  home=1 grasp=0 in_target=1 drop=0 attempts=0 phase_override=- return_home=0 placed=1
[real_action_bridge-4]   policy ppo=HOME prior=STOP raw=STOP exec=STOP blocked=0 grip=hold dxyz=(-0.021,-0.017,-0.040)
[real_action_bridge-4]   target -
[real_action_bridge-4]   exec   hold: phase=DONE stage=IDLE plan=DONE fail=-
[real_action_bridge-4]   age    img=0.05s box=0.12s mot=0.01s grip=0.01s plan=49.32s
[real_action_bridge-4] 
[real_action_bridge-4] [REAL ACTION ARMED] phase=DONE conf=0.95 ok=0
[real_action_bridge-4]   reason object in target, released, and robot near home
[real_action_bridge-4]   state  obj=(-0.180,+0.443,+0.009) src=vision/0.10s ee=(-0.006,+0.333,+0.159) target=(-0.099,+0.761,+0.009) mode=basket target_label=basket target_src=vision
[real_action_bridge-4]   flags  home=1 grasp=0 in_target=1 drop=0 attempts=0 phase_override=- return_home=0 placed=1
[real_action_bridge-4]   policy ppo=HOME prior=STOP raw=STOP exec=STOP blocked=0 grip=hold dxyz=(-0.022,-0.017,-0.040)
[real_action_bridge-4]   target -
[real_action_bridge-4]   exec   hold: phase=DONE stage=IDLE plan=DONE fail=-
[real_action_bridge-4]   age    img=0.02s box=0.10s mot=0.01s grip=0.01s plan=49.81s
[real_action_bridge-4] 
[real_action_bridge-4] [REAL ACTION ARMED] phase=DONE conf=0.95 ok=0
[real_action_bridge-4]   reason object in target, released, and robot near home
[real_action_bridge-4]   state  obj=(-0.182,+0.441,+0.009) src=vision/0.12s ee=(-0.005,+0.333,+0.159) target=(-0.099,+0.761,+0.009) mode=basket target_label=basket target_src=vision_memory
[real_action_bridge-4]   flags  home=1 grasp=0 in_target=1 drop=0 attempts=0 phase_override=- return_home=0 placed=1
[real_action_bridge-4]   policy ppo=HOME prior=STOP raw=STOP exec=STOP blocked=0 grip=hold dxyz=(-0.022,-0.017,-0.040)
[real_action_bridge-4]   target -
[real_action_bridge-4]   exec   hold: phase=DONE stage=IDLE plan=DONE fail=-
[real_action_bridge-4]   age    img=0.05s box=0.12s mot=0.01s grip=0.01s plan=50.31s
[real_action_bridge-4] 
[real_action_bridge-4] [REAL ACTION ARMED] phase=DONE conf=0.95 ok=0
[real_action_bridge-4]   reason object in target, released, and robot near home
[real_action_bridge-4]   state  obj=(-0.180,+0.440,+0.009) src=vision/0.09s ee=(-0.004,+0.333,+0.159) target=(-0.099,+0.761,+0.009) mode=basket target_label=basket target_src=vision_memory
[real_action_bridge-4]   flags  home=1 grasp=0 in_target=1 drop=0 attempts=0 phase_override=- return_home=0 placed=1
[real_action_bridge-4]   policy ppo=HOME prior=STOP raw=STOP exec=STOP blocked=0 grip=hold dxyz=(-0.022,-0.017,-0.040)
[real_action_bridge-4]   target -
[real_action_bridge-4]   exec   hold: phase=DONE stage=IDLE plan=DONE fail=-
[real_action_bridge-4]   age    img=0.09s box=0.09s mot=0.00s grip=0.00s plan=50.81s
[real_action_bridge-4] 
[real_action_bridge-4] [REAL ACTION ARMED] phase=DONE conf=0.95 ok=0
[real_action_bridge-4]   reason object in target, released, and robot near home
[real_action_bridge-4]   state  obj=(-0.182,+0.444,+0.009) src=vision/0.08s ee=(-0.004,+0.333,+0.159) target=(-0.102,+0.762,+0.009) mode=basket target_label=basket target_src=vision
[real_action_bridge-4]   flags  home=1 grasp=0 in_target=1 drop=0 attempts=0 phase_override=- return_home=0 placed=1
[real_action_bridge-4]   policy ppo=HOME prior=STOP raw=STOP exec=STOP blocked=0 grip=hold dxyz=(-0.022,-0.017,-0.040)
[real_action_bridge-4]   target -
[real_action_bridge-4]   exec   hold: phase=DONE stage=IDLE plan=DONE fail=-
[real_action_bridge-4]   age    img=0.05s box=0.05s mot=0.00s grip=0.00s plan=51.31s
[real_action_bridge-4] 
[real_action_bridge-4] [REAL ACTION ARMED] phase=DONE conf=0.95 ok=0
[real_action_bridge-4]   reason object in target, released, and robot near home
[real_action_bridge-4]   state  obj=(-0.182,+0.445,+0.009) src=vision/0.10s ee=(-0.004,+0.333,+0.159) target=(-0.101,+0.760,+0.009) mode=basket target_label=basket target_src=vision
[real_action_bridge-4]   flags  home=1 grasp=0 in_target=1 drop=0 attempts=0 phase_override=- return_home=0 placed=1
[real_action_bridge-4]   policy ppo=HOME prior=STOP raw=STOP exec=STOP blocked=0 grip=hold dxyz=(-0.022,-0.017,-0.040)
[real_action_bridge-4]   target -
[real_action_bridge-4]   exec   hold: phase=DONE stage=IDLE plan=DONE fail=-
[real_action_bridge-4]   age    img=0.05s box=0.10s mot=0.01s grip=0.01s plan=51.81s
[real_action_bridge-4] 
[real_action_bridge-4] [REAL ACTION ARMED] phase=DONE conf=0.95 ok=0
[real_action_bridge-4]   reason object in target, released, and robot near home
[real_action_bridge-4]   state  obj=(-0.180,+0.445,+0.009) src=vision/0.06s ee=(-0.004,+0.333,+0.159) target=(-0.099,+0.761,+0.009) mode=basket target_label=basket target_src=vision
[real_action_bridge-4]   flags  home=1 grasp=0 in_target=1 drop=0 attempts=0 phase_override=- return_home=0 placed=1
[real_action_bridge-4]   policy ppo=HOME prior=STOP raw=STOP exec=STOP blocked=0 grip=hold dxyz=(-0.022,-0.017,-0.040)
[real_action_bridge-4]   target -
[real_action_bridge-4]   exec   hold: phase=DONE stage=IDLE plan=DONE fail=-
[real_action_bridge-4]   age    img=0.06s box=0.06s mot=0.00s grip=0.00s plan=52.31s
[real_action_bridge-4] 
[real_action_bridge-4] [REAL ACTION ARMED] phase=DONE conf=0.95 ok=0
[real_action_bridge-4]   reason object in target, released, and robot near home
[real_action_bridge-4]   state  obj=(-0.183,+0.444,+0.009) src=vision/0.06s ee=(-0.005,+0.333,+0.159) target=(-0.099,+0.761,+0.009) mode=basket target_label=basket target_src=vision
[real_action_bridge-4]   flags  home=1 grasp=0 in_target=1 drop=0 attempts=0 phase_override=- return_home=0 placed=1
[real_action_bridge-4]   policy ppo=HOME prior=STOP raw=STOP exec=STOP blocked=0 grip=hold dxyz=(-0.022,-0.017,-0.040)
[real_action_bridge-4]   target -
[real_action_bridge-4]   exec   hold: phase=DONE stage=IDLE plan=DONE fail=-
[real_action_bridge-4]   age    img=0.03s box=0.07s mot=0.00s grip=0.01s plan=52.81s
[real_action_bridge-4] 
[real_action_bridge-4] [REAL ACTION ARMED] phase=DONE conf=0.95 ok=0
[real_action_bridge-4]   reason object in target, released, and robot near home
[real_action_bridge-4]   state  obj=(-0.181,+0.444,+0.009) src=vision/0.05s ee=(-0.004,+0.333,+0.159) target=(-0.100,+0.761,+0.009) mode=basket target_label=basket target_src=vision
[real_action_bridge-4]   flags  home=1 grasp=0 in_target=1 drop=0 attempts=0 phase_override=- return_home=0 placed=1
[real_action_bridge-4]   policy ppo=HOME prior=STOP raw=STOP exec=STOP blocked=0 grip=hold dxyz=(-0.022,-0.017,-0.040)
[real_action_bridge-4]   target -
[real_action_bridge-4]   exec   hold: phase=DONE stage=IDLE plan=DONE fail=-
[real_action_bridge-4]   age    img=0.05s box=0.05s mot=0.00s grip=0.01s plan=53.31s
[real_action_bridge-4] 
[real_action_bridge-4] [REAL ACTION ARMED] phase=DONE conf=0.95 ok=0
[real_action_bridge-4]   reason object in target, released, and robot near home
[real_action_bridge-4]   state  obj=(-0.181,+0.445,+0.009) src=vision/0.05s ee=(-0.005,+0.333,+0.159) target=(-0.100,+0.760,+0.009) mode=basket target_label=basket target_src=vision
[real_action_bridge-4]   flags  home=1 grasp=0 in_target=1 drop=0 attempts=0 phase_override=- return_home=0 placed=1
[real_action_bridge-4]   policy ppo=HOME prior=STOP raw=STOP exec=STOP blocked=0 grip=hold dxyz=(-0.022,-0.017,-0.040)
[real_action_bridge-4]   target -
[real_action_bridge-4]   exec   hold: phase=DONE stage=IDLE plan=DONE fail=-
[real_action_bridge-4]   age    img=0.00s box=0.05s mot=0.01s grip=0.01s plan=53.81s
[real_action_bridge-4] 
[real_action_bridge-4] [REAL ACTION ARMED] phase=DONE conf=0.95 ok=0
[real_action_bridge-4]   reason object in target, released, and robot near home
[real_action_bridge-4]   state  obj=(-0.181,+0.444,+0.009) src=vision/0.06s ee=(-0.005,+0.333,+0.159) target=(-0.100,+0.761,+0.009) mode=basket target_label=basket target_src=vision
[real_action_bridge-4]   flags  home=1 grasp=0 in_target=1 drop=0 attempts=0 phase_override=- return_home=0 placed=1
[real_action_bridge-4]   policy ppo=HOME prior=STOP raw=STOP exec=STOP blocked=0 grip=hold dxyz=(-0.022,-0.017,-0.040)
[real_action_bridge-4]   target -
[real_action_bridge-4]   exec   hold: phase=DONE stage=IDLE plan=DONE fail=-
[real_action_bridge-4]   age    img=0.01s box=0.07s mot=0.00s grip=0.01s plan=54.31s
[real_action_bridge-4] 
[real_action_bridge-4] [REAL ACTION ARMED] phase=DONE conf=0.95 ok=0
[real_action_bridge-4]   reason object in target, released, and robot near home
[real_action_bridge-4]   state  obj=(-0.181,+0.444,+0.009) src=vision/0.57s ee=(-0.007,+0.333,+0.159) target=(-0.100,+0.761,+0.009) mode=basket target_label=basket target_src=vision
[real_action_bridge-4]   flags  home=1 grasp=0 in_target=1 drop=0 attempts=0 phase_override=- return_home=0 placed=1
[real_action_bridge-4]   policy ppo=HOME prior=STOP raw=STOP exec=STOP blocked=0 grip=hold dxyz=(-0.022,-0.017,-0.040)
[real_action_bridge-4]   target -
[real_action_bridge-4]   exec   hold: phase=DONE stage=IDLE plan=DONE fail=-
[real_action_bridge-4]   age    img=0.54s box=0.60s mot=0.04s grip=0.03s plan=54.85s
[real_action_bridge-4] 
[real_action_bridge-4] [REAL ACTION ARMED] phase=DONE conf=0.95 ok=0
[real_action_bridge-4]   reason object in target, released, and robot near home
[real_action_bridge-4]   state  obj=(-0.181,+0.444,+0.009) src=vision/1.07s ee=(-0.003,+0.333,+0.159) target=(-0.100,+0.761,+0.009) mode=basket target_label=basket target_src=vision
[real_action_bridge-4]   flags  home=1 grasp=0 in_target=1 drop=0 attempts=0 phase_override=- return_home=0 placed=1
[real_action_bridge-4]   policy ppo=HOME prior=STOP raw=STOP exec=STOP blocked=0 grip=hold dxyz=(-0.022,-0.017,-0.040)
[real_action_bridge-4]   target -
[real_action_bridge-4]   exec   hold: phase=DONE stage=IDLE plan=DONE fail=-
[real_action_bridge-4]   age    img=1.04s box=1.10s mot=0.04s grip=0.04s plan=55.35s
[real_action_bridge-4] 
[real_action_bridge-4] [REAL ACTION ARMED] phase=DONE conf=0.95 ok=0
[real_action_bridge-4]   reason object in target, released, and robot near home
[real_action_bridge-4]   state  obj=(-0.181,+0.443,+0.009) src=vision/1.51s ee=(-0.006,+0.333,+0.159) target=(-0.100,+0.761,+0.009) mode=basket target_label=basket target_src=vision
[real_action_bridge-4]   flags  home=1 grasp=0 in_target=1 drop=0 attempts=0 phase_override=- return_home=0 placed=1
[real_action_bridge-4]   policy ppo=HOME prior=STOP raw=STOP exec=STOP blocked=0 grip=hold dxyz=(-0.022,-0.017,-0.040)
[real_action_bridge-4]   target -
[real_action_bridge-4]   exec   hold: phase=DONE stage=IDLE plan=DONE fail=-
[real_action_bridge-4]   age    img=0.46s box=1.55s mot=0.05s grip=0.04s plan=55.85s
[real_action_bridge-4] 
[real_action_bridge-4] [REAL ACTION ARMED] phase=DONE conf=0.95 ok=0
[real_action_bridge-4]   reason object in target, released, and robot near home
[real_action_bridge-4]   state  obj=(-0.181,+0.443,+0.009) src=vision/2.01s ee=(-0.002,+0.333,+0.159) target=(-0.100,+0.761,+0.009) mode=basket target_label=basket target_src=vision
[real_action_bridge-4]   flags  home=1 grasp=0 in_target=1 drop=0 attempts=0 phase_override=- return_home=0 placed=1
[real_action_bridge-4]   policy ppo=HOME prior=STOP raw=STOP exec=STOP blocked=0 grip=hold dxyz=(-0.022,-0.018,-0.040)
[real_action_bridge-4]   target -
[real_action_bridge-4]   exec   hold: phase=DONE stage=IDLE plan=DONE fail=-
[real_action_bridge-4]   age    img=0.95s box=2.04s mot=0.04s grip=0.04s plan=56.35s
[real_action_bridge-4] 
[real_action_bridge-4] [REAL ACTION ARMED] phase=DONE conf=0.95 ok=0
[real_action_bridge-4]   reason object in target, released, and robot near home
[real_action_bridge-4]   state  obj=(-0.180,+0.444,+0.009) src=vision/1.43s ee=(+0.000,+0.333,+0.159) target=(-0.100,+0.761,+0.009) mode=basket target_label=basket target_src=vision_memory
[real_action_bridge-4]   flags  home=1 grasp=0 in_target=1 drop=0 attempts=0 phase_override=- return_home=0 placed=1
[real_action_bridge-4]   policy ppo=HOME prior=STOP raw=STOP exec=STOP blocked=0 grip=hold dxyz=(-0.022,-0.018,-0.040)
[real_action_bridge-4]   target -
[real_action_bridge-4]   exec   hold: phase=DONE stage=IDLE plan=DONE fail=-
[real_action_bridge-4]   age    img=0.20s box=1.46s mot=0.04s grip=0.04s plan=56.85s
[real_action_bridge-4] 
[real_action_bridge-4] [REAL ACTION ARMED] phase=DONE conf=0.95 ok=0
[real_action_bridge-4]   reason object in target, released, and robot near home
[real_action_bridge-4]   state  obj=(-0.180,+0.444,+0.009) src=vision/1.92s ee=(-0.007,+0.333,+0.159) target=(-0.100,+0.761,+0.009) mode=basket target_label=basket target_src=vision_memory
[real_action_bridge-4]   flags  home=1 grasp=0 in_target=1 drop=0 attempts=0 phase_override=- return_home=0 placed=1
[real_action_bridge-4]   policy ppo=HOME prior=STOP raw=STOP exec=STOP blocked=0 grip=hold dxyz=(-0.023,-0.018,-0.040)
[real_action_bridge-4]   target -
[real_action_bridge-4]   exec   hold: phase=DONE stage=IDLE plan=DONE fail=-
[real_action_bridge-4]   age    img=0.69s box=1.95s mot=0.04s grip=0.04s plan=57.35s
[real_action_bridge-4] 
[real_action_bridge-4] [REAL ACTION ARMED] phase=DONE conf=0.95 ok=0
[real_action_bridge-4]   reason object in target, released, and robot near home
[real_action_bridge-4]   state  obj=(-0.180,+0.444,+0.009) src=vision/2.42s ee=(-0.005,+0.333,+0.159) target=(-0.100,+0.761,+0.009) mode=basket target_label=basket target_src=vision_memory
[real_action_bridge-4]   flags  home=1 grasp=0 in_target=1 drop=0 attempts=0 phase_override=- return_home=0 placed=1
[real_action_bridge-4]   policy ppo=HOME prior=STOP raw=STOP exec=STOP blocked=0 grip=hold dxyz=(-0.023,-0.018,-0.040)
[real_action_bridge-4]   target -
[real_action_bridge-4]   exec   hold: phase=DONE stage=IDLE plan=DONE fail=-
[real_action_bridge-4]   age    img=1.20s box=2.46s mot=0.04s grip=0.04s plan=57.85s
[real_action_bridge-4] 
[real_action_bridge-4] [REAL ACTION ARMED] phase=DONE conf=0.95 ok=0
[real_action_bridge-4]   reason object in target, released, and robot near home
[real_action_bridge-4]   state  obj=(-0.182,+0.444,+0.009) src=vision/1.66s ee=(-0.010,+0.333,+0.159) target=(-0.100,+0.761,+0.009) mode=basket target_label=basket target_src=vision_memory
[real_action_bridge-4]   flags  home=1 grasp=0 in_target=1 drop=0 attempts=0 phase_override=- return_home=0 placed=1
[real_action_bridge-4]   policy ppo=HOME prior=STOP raw=STOP exec=STOP blocked=0 grip=hold dxyz=(-0.023,-0.018,-0.040)
[real_action_bridge-4]   target -
[real_action_bridge-4]   exec   hold: phase=DONE stage=IDLE plan=DONE fail=-
[real_action_bridge-4]   age    img=0.42s box=1.70s mot=0.04s grip=0.04s plan=58.35s
[real_action_bridge-4] 
[real_action_bridge-4] [REAL ACTION ARMED] phase=DONE conf=0.95 ok=0
[real_action_bridge-4]   reason object in target, released, and robot near home
[real_action_bridge-4]   state  obj=(-0.182,+0.444,+0.009) src=vision/2.16s ee=(+0.000,+0.333,+0.159) target=(-0.100,+0.761,+0.009) mode=basket target_label=basket target_src=vision_memory
[real_action_bridge-4]   flags  home=1 grasp=0 in_target=1 drop=0 attempts=0 phase_override=- return_home=0 placed=1
[real_action_bridge-4]   policy ppo=HOME prior=STOP raw=STOP exec=STOP blocked=0 grip=hold dxyz=(-0.023,-0.018,-0.040)
[real_action_bridge-4]   target -
[real_action_bridge-4]   exec   hold: phase=DONE stage=IDLE plan=DONE fail=-
[real_action_bridge-4]   age    img=0.92s box=2.20s mot=0.04s grip=0.04s plan=58.85s
[real_action_bridge-4] 
[real_action_bridge-4] [REAL ACTION ARMED] phase=DONE conf=0.95 ok=0
[real_action_bridge-4]   reason object in target, released, and robot near home
[real_action_bridge-4]   state  obj=(-0.180,+0.443,+0.009) src=vision/1.39s ee=(-0.007,+0.333,+0.159) target=(-0.101,+0.760,+0.009) mode=basket target_label=basket target_src=vision
[real_action_bridge-4]   flags  home=1 grasp=0 in_target=1 drop=0 attempts=0 phase_override=- return_home=0 placed=1
[real_action_bridge-4]   policy ppo=HOME prior=STOP raw=STOP exec=STOP blocked=0 grip=hold dxyz=(-0.023,-0.018,-0.040)
[real_action_bridge-4]   target -
[real_action_bridge-4]   exec   hold: phase=DONE stage=IDLE plan=DONE fail=-
[real_action_bridge-4]   age    img=0.15s box=1.42s mot=0.04s grip=0.04s plan=59.35s
[real_action_bridge-4] 
[real_action_bridge-4] [REAL ACTION ARMED] phase=DONE conf=0.95 ok=0
[real_action_bridge-4]   reason object in target, released, and robot near home
[real_action_bridge-4]   state  obj=(-0.180,+0.445,+0.009) src=vision/0.11s ee=(-0.005,+0.333,+0.159) target=(-0.098,+0.762,+0.009) mode=basket target_label=basket target_src=vision
[real_action_bridge-4]   flags  home=1 grasp=0 in_target=1 drop=0 attempts=0 phase_override=- return_home=0 placed=1
[real_action_bridge-4]   policy ppo=HOME prior=STOP raw=STOP exec=STOP blocked=0 grip=hold dxyz=(-0.023,-0.018,-0.040)
[real_action_bridge-4]   target -
[real_action_bridge-4]   exec   hold: phase=DONE stage=IDLE plan=DONE fail=-
[real_action_bridge-4]   age    img=0.05s box=0.11s mot=0.01s grip=0.01s plan=59.81s
[real_action_bridge-4] 
[real_action_bridge-4] [REAL ACTION ARMED] phase=DONE conf=0.95 ok=0
[real_action_bridge-4]   reason object in target, released, and robot near home
[real_action_bridge-4]   state  obj=(-0.178,+0.442,+0.009) src=vision/0.17s ee=(-0.004,+0.333,+0.159) target=(-0.101,+0.760,+0.009) mode=basket target_label=basket target_src=vision
[real_action_bridge-4]   flags  home=1 grasp=0 in_target=1 drop=0 attempts=0 phase_override=- return_home=0 placed=1
[real_action_bridge-4]   policy ppo=HOME prior=STOP raw=STOP exec=STOP blocked=0 grip=hold dxyz=(-0.023,-0.018,-0.040)
[real_action_bridge-4]   target -
[real_action_bridge-4]   exec   hold: phase=DONE stage=IDLE plan=DONE fail=-
[real_action_bridge-4]   age    img=0.11s box=0.11s mot=0.00s grip=0.00s plan=60.31s
